category,input,alias,ipa,priority
Branding & Grundbegriffe,DĀR AL TAWḤĪD,Daar al Tauhiid,daːr al tawˈħiːd,core
Branding & Grundbegriffe,Dār al-Tawḥīd,Daar al Tauhiid,daːr al tawˈħiːd,core
Branding & Grundbegriffe,Tawḥīd,Tauhiid,tawˈħiːd,core
Branding & Grundbegriffe,ʿAqīdah,A-qiidah,ʕaˈqiːda,core
Branding & Grundbegriffe,Islām,Islaam,islaːm,core
Branding & Grundbegriffe,Muslim,Muslim,muslim,core
Branding & Grundbegriffe,Muslimah,Muslimah,muslimah,core
Branding & Grundbegriffe,Muslimūn,Muslimuun,muslimuːn,core
Branding & Grundbegriffe,Muʾmin,Mu-min,muʔmin,core
Branding & Grundbegriffe,Muʾminah,Mu-minah,muʔminah,core
Branding & Grundbegriffe,Muʾminūn,Mu-minuun,muʔminuːn,core
Branding & Grundbegriffe,Īmān,Iimaan,iːmaːn,core
Branding & Grundbegriffe,Iḥsān,Ihsaan,iħsaːn,core
Branding & Grundbegriffe,Dīn,Diin,diːn,core
Branding & Grundbegriffe,Millah,Millah,millah,core
Branding & Grundbegriffe,Ummah,Ummah,ummah,core
Branding & Grundbegriffe,Šarīʿah,Scharii-ah,ʃariːʕah,core
Branding & Grundbegriffe,Manhaj,Manhaj,manhaj,core
Branding & Grundbegriffe,Sunnah,Sunnah,sunnah,core
Branding & Grundbegriffe,Bidʿah,Bid-ah,bidʕah,core
Branding & Grundbegriffe,Salaf,Salaf,salaf,core
Branding & Grundbegriffe,Khalaf,Khalaf,xalaf,core
Branding & Grundbegriffe,Ahl as-Sunnah,Ahl as-Sunnah,ahl as.sunnah,core
Branding & Grundbegriffe,Ahl as-Sunnah wa-l-Ǧamāʿah,Ahl as-Sunnah wa-l-Dschamaa-ah,ahl as.sunnah wa.l.d͡ʒamaːʕah,core
Branding & Grundbegriffe,Ahl al-Ḥadīṯ,Ahl al-Hadiith,ahl al.ħadiːθ,core
Branding & Grundbegriffe,Ahl al-Aṯar,Ahl al-Athar,ahl al.aθar,core
Branding & Grundbegriffe,Ahl al-Bayt,Ahl al-Bayt,ahl al.bajt,core
Branding & Grundbegriffe,Tawḥīd ar-Rubūbiyyah,Tawhiid ar-Rubuubiyyah,tawħiːd ar.rubuːbijjah,core
Branding & Grundbegriffe,Tawḥīd al-Ulūhiyyah,Tawhiid al-Uluuhiyyah,tawħiːd al.uluːhijjah,core
Branding & Grundbegriffe,Tawḥīd al-Asmāʾ wa-ṣ-Ṣifāt,Tawhiid al-Asmaa wa-s-Sifaat,tawħiːd al.asmaːʔ wa.sˤ.sˤifaːt,core
Branding & Grundbegriffe,Rubūbiyyah,Rubuubiyyah,rubuːbijjah,core
Branding & Grundbegriffe,Ulūhiyyah,Uluuhiyyah,uluːhijjah,core
Branding & Grundbegriffe,Asmāʾ wa-Ṣifāt,Asmaa wa-Sifaat,asmaːʔ wa.sˤifaːt,core
Branding & Grundbegriffe,Širk,Schirk,ʃirk,core
Branding & Grundbegriffe,Kufr,Kufr,kufr,core
Branding & Grundbegriffe,Nifāq,Nifaaq,nifaːq,core
Branding & Grundbegriffe,Riddah,Riddah,riddah,core
Branding & Grundbegriffe,Kāfir,Kaafir,kaːfir,core
Branding & Grundbegriffe,Kuffār,Kuffaar,kuffaːr,core
Branding & Grundbegriffe,Mušrik,Muschrik,muʃrik,core
Branding & Grundbegriffe,Mušrikūn,Muschrikuun,muʃrikuːn,core
Branding & Grundbegriffe,Munāfiq,Munaafiq,munaːfiq,core
Branding & Grundbegriffe,Munāfiqūn,Munaafiquun,munaːfiquːn,core
Branding & Grundbegriffe,Murtadd,Murtadd,murtadd,core
Branding & Grundbegriffe,Ṭāġūt,Taaghuut,tˤaːˈɣuːt,core
Branding & Grundbegriffe,Takfīr,Takfiir,takfiːr,core
Branding & Grundbegriffe,Takfīr al-muʿayyan,Takfiir al-mu-ayyan,takfiːr al.muʕajjan,core
"Allah, Lobpreisungen & Grußformeln",Allāh,Allaah,ʔalˈlaːh,core
"Allah, Lobpreisungen & Grußformeln",Allah,Allaah,ʔalˈlaːh,core
"Allah, Lobpreisungen & Grußformeln",Subḥānahu wa-taʿālā,Subhaanahu wa ta-aalaa,subˈħaːnahu wa.taʕaːlaː,core
"Allah, Lobpreisungen & Grußformeln",subḥānahu wa-taʿālā,Subhaanahu wa ta-aalaa,subħaːnahu wa.taʕaːlaː,core
"Allah, Lobpreisungen & Grußformeln",ʿazza wa-ǧall,Azza wa dschall,ʕazza wa d͡ʒall,core
"Allah, Lobpreisungen & Grußformeln",ʿazza wa-jall,Azza wa dschall,ʕazza wa.d͡ʒall,core
"Allah, Lobpreisungen & Grußformeln",tabāraka wa-taʿālā,tabaaraka wa-ta-aalaa,tabaːraka wa.taʕaːlaː,core
"Allah, Lobpreisungen & Grußformeln",ṣallā llāhu ʿalayhi wa-sallam,Sallallaahu alaihi wa sallam,sˤalˈlaː lˈlaːhu ʕaˈlajhi waˈsallam,core
"Allah, Lobpreisungen & Grußformeln",ṣallā Allāhu ʿalayhi wa-sallam,Sallallaahu alaihi wa sallam,sˤalˈlaː lˈlaːhu ʕaˈlajhi waˈsallam,core
"Allah, Lobpreisungen & Grußformeln",ʿalayhi s-salām,Alaihis-Salaam,ʕaˈlajhis.saˈlaːm,core
"Allah, Lobpreisungen & Grußformeln",ʿalayhā s-salām,Alaihas-Salaam,ʕaˈlajhaːs.saˈlaːm,core
"Allah, Lobpreisungen & Grußformeln",ʿalayhimā s-salām,Alaihimas-Salaam,ʕaˈlajhimaːs.saˈlaːm,core
"Allah, Lobpreisungen & Grußformeln",ʿalayhimu s-salām,Alaihimus-Salaam,ʕaˈlajhimus.saˈlaːm,core
"Allah, Lobpreisungen & Grußformeln",raḍiya llāhu ʿanhu,Radiyallaahu anhu,radˤi.jalˈlaːhu ʕanhu,core
"Allah, Lobpreisungen & Grußformeln",raḍiya llāhu ʿanhā,Radiyallaahu anhaa,radˤi.jalˈlaːhu ʕanhaː,core
"Allah, Lobpreisungen & Grußformeln",raḍiya llāhu ʿanhumā,Radiyallaahu anhumaa,radˤi.jalˈlaːhu ʕanhumaː,core
"Allah, Lobpreisungen & Grußformeln",raḍiya llāhu ʿanhum,Radiyallaahu anhum,radˤi.jalˈlaːhu ʕanhum,core
"Allah, Lobpreisungen & Grußformeln",raḥimahu llāh,Rahimahullaah,raħimahulˈlaːh,core
"Allah, Lobpreisungen & Grußformeln",raḥimahā llāh,Rahimahallaah,raħimahaː llaːh,core
"Allah, Lobpreisungen & Grußformeln",raḥimahumu llāh,Rahimahumullaah,raħimahumu llaːh,core
"Allah, Lobpreisungen & Grußformeln",ḥafiẓahu llāh,hafizahu llaah,ħafiðˤahu llaːh,core
"Allah, Lobpreisungen & Grußformeln",Bismi llāh,Bismillaah,bismi llaːh,core
"Allah, Lobpreisungen & Grußformeln",Bismillāh,Bismillaah,bismilˈlaːh,core
"Allah, Lobpreisungen & Grußformeln",al-ḥamdu li-llāh,al-hamdu li-llaah,al.ħamdu li.llaːh,core
"Allah, Lobpreisungen & Grußformeln",Alḥamdulillāh,Alhamdulillaah,alħamdu lilˈlaːh,core
"Allah, Lobpreisungen & Grußformeln",Subḥānallāh,Subhaanallaah,subħaːnalˈlaːh,core
"Allah, Lobpreisungen & Grußformeln",Allāhu akbar,Allaahu Akbar,alˈlaːhu ʔakbar,core
"Allah, Lobpreisungen & Grußformeln",lā ilāha illā llāh,Laa ilaaha illallaah,laː ilaːha illaː llaːh,core
"Allah, Lobpreisungen & Grußformeln",Lā ilāha illā Allāh,Laa ilaaha illallaah,laː ʔilaːha ʔilˈlaː lˈlaːh,core
"Allah, Lobpreisungen & Grußformeln",Astaghfirullāh,Astaghfirullaah,astaɣfirullaːh,core
"Allah, Lobpreisungen & Grußformeln",in šāʾ Allāh,in schaa Allaah,in ʃaːʔ allaːh,core
"Allah, Lobpreisungen & Grußformeln",In šāʾ Allāh,in schaa Allaah,in ʃaːʔ allaːh,core
"Allah, Lobpreisungen & Grußformeln",mā šāʾ Allāh,maa schaa Allaah,maː ʃaːʔ allaːh,core
"Allah, Lobpreisungen & Grußformeln",Mā šāʾ Allāh,maa schaa Allaah,maː ʃaːʔ allaːh,core
"Allah, Lobpreisungen & Grußformeln",bāraka llāhu fīk,baaraka llaahu fiik,baːraka llaːhu fiːk,core
"Allah, Lobpreisungen & Grußformeln",bāraka llāhu fīkum,baaraka llaahu fiikum,baːraka llaːhu fiːkum,core
"Allah, Lobpreisungen & Grußformeln",ǧazāka llāhu khayran,dschazaaka llaahu khayran,d͡ʒazaːka llaːhu xajran,core
"Allah, Lobpreisungen & Grußformeln",ǧazākumu llāhu khayran,dschazaakumu llaahu khayran,d͡ʒazaːkumu llaːhu xajran,core
"Allah, Lobpreisungen & Grußformeln",as-salāmu ʿalaykum,as-Salaamu alaikum,as.saˈlaːmu ʕaˈlajkum,core
"Allah, Lobpreisungen & Grußformeln",wa-ʿalaykumu s-salām,wa alaikumus-Salaam,waʕaˈlajkumu s.saˈlaːm,core
"Allah, Lobpreisungen & Grußformeln",fī amāni llāh,fii amaani llaah,fiː amaːni llaːh,core
"Allah, Lobpreisungen & Grußformeln",ḥasbunā llāhu wa-niʿma l-wakīl,hasbunaa llaahu wa-ni-ma l-wakiil,ħasbunaː llaːhu wa.niʕma l.wakiːl,core
"Allah, Lobpreisungen & Grußformeln",lā ḥawla wa-lā quwwata illā bi-llāh,laa hawla wa-laa quwwata illaa bi-llaah,laː ħawla wa.laː quwwata illaː bi.llaːh,core
"Allah, Lobpreisungen & Grußformeln",innā li-llāhi wa-innā ilayhi rāǧiʿūn,innaa li-llaahi wa-innaa ilayhi raadschi-uun,innaː li.llaːhi wa.innaː ilajhi raːd͡ʒiʕuːn,core
Qurʾān & Qurʾān-Wissenschaften,Qurʾān,Qur-aan,qurˈʔaːn,extended
Qurʾān & Qurʾān-Wissenschaften,al-Qurʾān,al-Qur-aan,al.qurˈʔaːn,extended
Qurʾān & Qurʾān-Wissenschaften,Muṣḥaf,Mushaf,musˤħaf,extended
Qurʾān & Qurʾān-Wissenschaften,Sūrah,Suurah,suːrah,extended
Qurʾān & Qurʾān-Wissenschaften,Sūra,Suura,suːra,extended
Qurʾān & Qurʾān-Wissenschaften,Āyah,Aayah,aːjah,extended
Qurʾān & Qurʾān-Wissenschaften,Āyāt,Aayaat,aːjaːt,extended
Qurʾān & Qurʾān-Wissenschaften,Tafsīr,Tafsiir,tafsiːr,extended
Qurʾān & Qurʾān-Wissenschaften,Mufassir,Mufassir,mufassir,extended
Qurʾān & Qurʾān-Wissenschaften,Mufassirūn,Mufassiruun,mufassiruːn,extended
Qurʾān & Qurʾān-Wissenschaften,Taʾwīl,Ta-wiil,taʔwiːl,extended
Qurʾān & Qurʾān-Wissenschaften,Tanzīl,Tanziil,tanziːl,extended
Qurʾān & Qurʾān-Wissenschaften,Waḥy,Wahy,waħj,extended
Qurʾān & Qurʾān-Wissenschaften,Asbāb an-nuzūl,Asbaab an-nuzuul,asbaːb an.nuzuːl,extended
Qurʾān & Qurʾān-Wissenschaften,Nuzūl,Nuzuul,nuzuːl,extended
Qurʾān & Qurʾān-Wissenschaften,Makkiyy,Makkiyy,makkijj,extended
Qurʾān & Qurʾān-Wissenschaften,Madaniyy,Madaniyy,madanijj,extended
Qurʾān & Qurʾān-Wissenschaften,Muḥkam,Muhkam,muħkam,extended
Qurʾān & Qurʾān-Wissenschaften,Mutašābih,Mutaschaabih,mutaʃaːbih,extended
Qurʾān & Qurʾān-Wissenschaften,Nāsikh,Naasikh,naːsix,extended
Qurʾān & Qurʾān-Wissenschaften,Mansūkh,Mansuukh,mansuːx,extended
Qurʾān & Qurʾān-Wissenschaften,Qirāʾah,Qiraa-ah,qiraːʔah,extended
Qurʾān & Qurʾān-Wissenschaften,Qirāʾāt,Qiraa-aat,qiraːʔaːt,extended
Qurʾān & Qurʾān-Wissenschaften,Taǧwīd,Tadschwiid,tad͡ʒwiːd,extended
Qurʾān & Qurʾān-Wissenschaften,Tartīl,Tartiil,tartiːl,extended
Qurʾān & Qurʾān-Wissenschaften,Ḥifẓ,Hifz,ħifðˤ,extended
Qurʾān & Qurʾān-Wissenschaften,Ḥāfiẓ,Haafiz,ħaːfiðˤ,extended
Qurʾān & Qurʾān-Wissenschaften,Ḥuffāẓ,Huffaaz,ħuffaːðˤ,extended
Qurʾān & Qurʾān-Wissenschaften,Riwayah,Riwayah,riwajah,extended
Qurʾān & Qurʾān-Wissenschaften,Ḥafṣ ʿan ʿĀṣim,Hafs an Aasim,ħafsˤ ʕan ʕaːsˤim,extended
Qurʾān & Qurʾān-Wissenschaften,Warš ʿan Nāfiʿ,Warsch an Naafi-,warʃ ʕan naːfiʕ,extended
Qurʾān & Qurʾān-Wissenschaften,Sajdah,Sajdah,sajdah,extended
Qurʾān & Qurʾān-Wissenschaften,Sūrat al-Fātiḥah,Suurat al-Faatihah,suːrat al.faːtiħah,extended
Qurʾān & Qurʾān-Wissenschaften,al-Fātiḥah,al-Faatihah,al.faːtiħah,extended
Qurʾān & Qurʾān-Wissenschaften,Āyat al-Kursī,Aayat al-Kursii,aːjat al.kursiː,extended
Qurʾān & Qurʾān-Wissenschaften,al-Baqarah,al-Baqarah,al.baqarah,extended
Qurʾān & Qurʾān-Wissenschaften,Āl ʿImrān,Aal Imraan,aːl ʕimraːn,extended
Qurʾān & Qurʾān-Wissenschaften,an-Nisāʾ,an-Nisaa-,an.nisaːʔ,extended
Qurʾān & Qurʾān-Wissenschaften,al-Māʾidah,al-Maa-idah,al.maːʔidah,extended
Qurʾān & Qurʾān-Wissenschaften,al-Anʿām,al-An-aam,al.anʕaːm,extended
Qurʾān & Qurʾān-Wissenschaften,al-Aʿrāf,al-A-raaf,al.aʕraːf,extended
Qurʾān & Qurʾān-Wissenschaften,al-Anfāl,al-Anfaal,al.anfaːl,extended
Qurʾān & Qurʾān-Wissenschaften,at-Tawbah,at-Tawbah,at.tawbah,extended
Qurʾān & Qurʾān-Wissenschaften,Yūnus,Yuunus,juːnus,extended
Qurʾān & Qurʾān-Wissenschaften,Hūd,Huud,huːd,extended
Qurʾān & Qurʾān-Wissenschaften,Yūsuf,Yuusuf,ˈjuːsuf,extended
Qurʾān & Qurʾān-Wissenschaften,ar-Raʿd,ar-Ra-d,ar.raʕd,extended
Qurʾān & Qurʾān-Wissenschaften,Ibrāhīm,Ibraahiim,ʔib.raːˈhiːm,extended
Qurʾān & Qurʾān-Wissenschaften,al-Ḥiǧr,al-Hidschr,al.ħid͡ʒr,extended
Qurʾān & Qurʾān-Wissenschaften,an-Naḥl,an-Nahl,an.naħl,extended
Qurʾān & Qurʾān-Wissenschaften,al-Isrāʾ,al-Israa-,al.israːʔ,extended
Qurʾān & Qurʾān-Wissenschaften,al-Kahf,al-Kahf,al.kahf,extended
Qurʾān & Qurʾān-Wissenschaften,Maryam,Maryam,marjam,extended
Qurʾān & Qurʾān-Wissenschaften,Ṭā-Hā,Taa-Haa,tˤaː.haː,extended
Qurʾān & Qurʾān-Wissenschaften,al-Anbiyāʾ,al-Anbiyaa-,al.anbijaːʔ,extended
Qurʾān & Qurʾān-Wissenschaften,al-Ḥaǧǧ,al-Hadschdsch,al.ħad͡ʒd͡ʒ,extended
Qurʾān & Qurʾān-Wissenschaften,al-Muʾminūn,al-Mu-minuun,al.muʔminuːn,extended
Qurʾān & Qurʾān-Wissenschaften,an-Nūr,an-Nuur,an.nuːr,extended
Qurʾān & Qurʾān-Wissenschaften,al-Furqān,al-Furqaan,al.furqaːn,extended
Qurʾān & Qurʾān-Wissenschaften,aš-Šuʿarāʾ,asch-Schu-araa-,aʃ.ʃuʕaraːʔ,extended
Qurʾān & Qurʾān-Wissenschaften,an-Naml,an-Naml,an.naml,extended
Qurʾān & Qurʾān-Wissenschaften,al-Qaṣaṣ,al-Qasas,al.qasˤasˤ,extended
Qurʾān & Qurʾān-Wissenschaften,al-ʿAnkabūt,al-Ankabuut,al.ʕankabuːt,extended
Qurʾān & Qurʾān-Wissenschaften,ar-Rūm,ar-Ruum,ar.ruːm,extended
Qurʾān & Qurʾān-Wissenschaften,Luqmān,Luqmaan,luqmaːn,extended
Qurʾān & Qurʾān-Wissenschaften,as-Saǧdah,as-Sadschdah,as.sad͡ʒdah,extended
Qurʾān & Qurʾān-Wissenschaften,al-Aḥzāb,al-Ahzaab,al.aħzaːb,extended
Qurʾān & Qurʾān-Wissenschaften,Sabaʾ,Saba-,sabaʔ,extended
Qurʾān & Qurʾān-Wissenschaften,Fāṭir,Faatir,faːtˤir,extended
Qurʾān & Qurʾān-Wissenschaften,Yā-Sīn,Yaa-Siin,jaː.siːn,extended
Qurʾān & Qurʾān-Wissenschaften,aṣ-Ṣāffāt,as-Saaffaat,asˤ.sˤaːffaːt,extended
Qurʾān & Qurʾān-Wissenschaften,Ṣād,Saad,sˤaːd,extended
Qurʾān & Qurʾān-Wissenschaften,az-Zumar,az-Zumar,az.zumar,extended
Qurʾān & Qurʾān-Wissenschaften,Ġāfir,Ghaafir,ɣaːfir,extended
Qurʾān & Qurʾān-Wissenschaften,Fuṣṣilat,Fussilat,fusˤsˤilat,extended
Qurʾān & Qurʾān-Wissenschaften,aš-Šūrā,asch-Schuuraa,aʃ.ʃuːraː,extended
Qurʾān & Qurʾān-Wissenschaften,az-Zuḫruf,az-Zuchruf,az.zuxruf,extended
Qurʾān & Qurʾān-Wissenschaften,ad-Duḫān,ad-Duchaan,ad.duxaːn,extended
Qurʾān & Qurʾān-Wissenschaften,al-Ǧāṯiyah,al-Dschaathiyah,al.d͡ʒaːθijah,extended
Qurʾān & Qurʾān-Wissenschaften,al-Aḥqāf,al-Ahqaaf,al.aħqaːf,extended
Qurʾān & Qurʾān-Wissenschaften,Muḥammad,Muhammad,muˈħammad,extended
Qurʾān & Qurʾān-Wissenschaften,al-Fatḥ,al-Fath,al.fatħ,extended
Qurʾān & Qurʾān-Wissenschaften,al-Ḥuǧurāt,al-Hudschuraat,al.ħud͡ʒuraːt,extended
Qurʾān & Qurʾān-Wissenschaften,Qāf,Qaaf,qaːf,extended
Qurʾān & Qurʾān-Wissenschaften,aḏ-Ḏāriyāt,adh-Dhaariyaat,að.ðaːrijaːt,extended
Qurʾān & Qurʾān-Wissenschaften,aṭ-Ṭūr,at-Tuur,atˤ.tˤuːr,extended
Qurʾān & Qurʾān-Wissenschaften,an-Naǧm,an-Nadschm,an.nad͡ʒm,extended
Qurʾān & Qurʾān-Wissenschaften,al-Qamar,al-Qamar,al.qamar,extended
Qurʾān & Qurʾān-Wissenschaften,ar-Raḥmān,ar-Rahmaan,ar.raħmaːn,extended
Qurʾān & Qurʾān-Wissenschaften,al-Wāqiʿah,al-Waaqi-ah,al.waːqiʕah,extended
Qurʾān & Qurʾān-Wissenschaften,al-Ḥadīd,al-Hadiid,al.ħadiːd,extended
Qurʾān & Qurʾān-Wissenschaften,al-Muǧādilah,al-Mudschaadilah,al.mud͡ʒaːdilah,extended
Qurʾān & Qurʾān-Wissenschaften,al-Ḥašr,al-Haschr,al.ħaʃr,extended
Qurʾān & Qurʾān-Wissenschaften,al-Mumtaḥanah,al-Mumtahanah,al.mumtaħanah,extended
Qurʾān & Qurʾān-Wissenschaften,aṣ-Ṣaff,as-Saff,asˤ.sˤaff,extended
Qurʾān & Qurʾān-Wissenschaften,al-Ǧumuʿah,al-Dschumu-ah,al.d͡ʒumuʕah,extended
Qurʾān & Qurʾān-Wissenschaften,al-Munāfiqūn,al-Munaafiquun,al.munaːfiquːn,extended
Qurʾān & Qurʾān-Wissenschaften,at-Taġābun,at-Taghaabun,at.taɣaːbun,extended
Qurʾān & Qurʾān-Wissenschaften,aṭ-Ṭalāq,at-Talaaq,atˤ.tˤalaːq,extended
Qurʾān & Qurʾān-Wissenschaften,at-Taḥrīm,at-Tahriim,at.taħriːm,extended
Qurʾān & Qurʾān-Wissenschaften,al-Mulk,al-Mulk,al.mulk,extended
Qurʾān & Qurʾān-Wissenschaften,al-Qalam,al-Qalam,al.qalam,extended
Qurʾān & Qurʾān-Wissenschaften,al-Ḥāqqah,al-Haaqqah,al.ħaːqqah,extended
Qurʾān & Qurʾān-Wissenschaften,al-Maʿāriǧ,al-Ma-aaridsch,al.maʕaːrid͡ʒ,extended
Qurʾān & Qurʾān-Wissenschaften,Nūḥ,Nuuh,nuːħ,extended
Qurʾān & Qurʾān-Wissenschaften,al-Ǧinn,al-Dschinn,al.d͡ʒinn,extended
Qurʾān & Qurʾān-Wissenschaften,al-Muzzammil,al-Muzzammil,al.muzzammil,extended
Qurʾān & Qurʾān-Wissenschaften,al-Muddaṯṯir,al-Muddaththir,al.muddaθθir,extended
Qurʾān & Qurʾān-Wissenschaften,al-Qiyāmah,al-Qiyaamah,al.qijaːmah,extended
Qurʾān & Qurʾān-Wissenschaften,al-Insān,al-Insaan,al.insaːn,extended
Qurʾān & Qurʾān-Wissenschaften,al-Mursalāt,al-Mursalaat,al.mursalaːt,extended
Qurʾān & Qurʾān-Wissenschaften,an-Nabaʾ,an-Naba-,an.nabaʔ,extended
Qurʾān & Qurʾān-Wissenschaften,an-Nāziʿāt,an-Naazi-aat,an.naːziʕaːt,extended
Qurʾān & Qurʾān-Wissenschaften,ʿAbasa,-Abasa,ʕabasa,extended
Qurʾān & Qurʾān-Wissenschaften,at-Takwīr,at-Takwiir,at.takwiːr,extended
Qurʾān & Qurʾān-Wissenschaften,al-Infiṭār,al-Infitaar,al.infitˤaːr,extended
Qurʾān & Qurʾān-Wissenschaften,al-Muṭaffifīn,al-Mutaffifiin,al.mutˤaffifiːn,extended
Qurʾān & Qurʾān-Wissenschaften,al-Inšiqāq,al-Inschiqaaq,al.inʃiqaːq,extended
Qurʾān & Qurʾān-Wissenschaften,al-Burūǧ,al-Buruudsch,al.buruːd͡ʒ,extended
Qurʾān & Qurʾān-Wissenschaften,aṭ-Ṭāriq,at-Taariq,atˤ.tˤaːriq,extended
Qurʾān & Qurʾān-Wissenschaften,al-Aʿlā,al-A-laa,al.aʕlaː,extended
Qurʾān & Qurʾān-Wissenschaften,al-Ġāšiyah,al-Ghaaschiyah,al.ɣaːʃijah,extended
Qurʾān & Qurʾān-Wissenschaften,al-Faǧr,al-Fadschr,al.fad͡ʒr,extended
Qurʾān & Qurʾān-Wissenschaften,al-Balad,al-Balad,al.balad,extended
Qurʾān & Qurʾān-Wissenschaften,aš-Šams,asch-Schams,aʃ.ʃams,extended
Qurʾān & Qurʾān-Wissenschaften,al-Layl,al-Layl,al.lajl,extended
Qurʾān & Qurʾān-Wissenschaften,aḍ-Ḍuḥā,ad-Duhaa,adˤ.dˤuħaː,extended
Qurʾān & Qurʾān-Wissenschaften,aš-Šarḥ,asch-Scharh,aʃ.ʃarħ,extended
Qurʾān & Qurʾān-Wissenschaften,at-Tīn,at-Tiin,at.tiːn,extended
Qurʾān & Qurʾān-Wissenschaften,al-ʿAlaq,al-Alaq,al.ʕalaq,extended
Qurʾān & Qurʾān-Wissenschaften,al-Qadr,al-Qadr,al.qadr,extended
Qurʾān & Qurʾān-Wissenschaften,al-Bayyinah,al-Bayyinah,al.bajjinah,extended
Qurʾān & Qurʾān-Wissenschaften,az-Zalzalah,az-Zalzalah,az.zalzalah,extended
Qurʾān & Qurʾān-Wissenschaften,al-ʿĀdiyāt,al-Aadiyaat,al.ʕaːdijaːt,extended
Qurʾān & Qurʾān-Wissenschaften,al-Qāriʿah,al-Qaari-ah,al.qaːriʕah,extended
Qurʾān & Qurʾān-Wissenschaften,at-Takāṯur,at-Takaathur,at.takaːθur,extended
Qurʾān & Qurʾān-Wissenschaften,al-ʿAṣr,al-Asr,al.ʕasˤr,extended
Qurʾān & Qurʾān-Wissenschaften,al-Humazah,al-Humazah,al.humazah,extended
Qurʾān & Qurʾān-Wissenschaften,al-Fīl,al-Fiil,al.fiːl,extended
Qurʾān & Qurʾān-Wissenschaften,Qurayš,Quraysch,qurajʃ,extended
Qurʾān & Qurʾān-Wissenschaften,al-Māʿūn,al-Maa-uun,al.maːʕuːn,extended
Qurʾān & Qurʾān-Wissenschaften,al-Kawṯar,al-Kawthar,al.kawθar,extended
Qurʾān & Qurʾān-Wissenschaften,al-Kāfirūn,al-Kaafiruun,al.kaːfiruːn,extended
Qurʾān & Qurʾān-Wissenschaften,an-Naṣr,an-Nasr,an.nasˤr,extended
Qurʾān & Qurʾān-Wissenschaften,al-Masad,al-Masad,al.masad,extended
Qurʾān & Qurʾān-Wissenschaften,al-Iḫlāṣ,al-Ichlaas,al.ixlaːsˤ,extended
Qurʾān & Qurʾān-Wissenschaften,al-Falaq,al-Falaq,al.falaq,extended
Qurʾān & Qurʾān-Wissenschaften,an-Nās,an-Naas,an.naːs,extended
Ḥadīṯ-Wissenschaften,Ḥadīṯ,Hadiith,ħadiːθ,extended
Ḥadīṯ-Wissenschaften,Aḥādīṯ,Ahaadiith,aħaːdiːθ,extended
Ḥadīṯ-Wissenschaften,Athar,Athar,aθar,extended
Ḥadīṯ-Wissenschaften,Āṯār,Aathaar,aːθaːr,extended
Ḥadīṯ-Wissenschaften,Isnād,Isnaad,isnaːd,extended
Ḥadīṯ-Wissenschaften,Sanad,Sanad,sanad,extended
Ḥadīṯ-Wissenschaften,Matn,Matn,matn,extended
Ḥadīṯ-Wissenschaften,Rāwī,Raawii,raːwiː,extended
Ḥadīṯ-Wissenschaften,Ruwāt,Ruwaat,ruwaːt,extended
Ḥadīṯ-Wissenschaften,Dirāyah,Diraayah,diraːjah,extended
Ḥadīṯ-Wissenschaften,Muḥaddiṯ,Muhaddith,muħaddiθ,extended
Ḥadīṯ-Wissenschaften,Muḥaddiṯūn,Muhaddithuun,muħaddiθuːn,extended
Ḥadīṯ-Wissenschaften,Sahīh,Sahiih,sahiːh,extended
Ḥadīṯ-Wissenschaften,Ṣaḥīḥ,Sahiih,sˤaħiːħ,extended
Ḥadīṯ-Wissenschaften,Ḥasan,Hasan,ħasan,extended
Ḥadīṯ-Wissenschaften,Ḍaʿīf,Da-iif,dˤaʕiːf,extended
Ḥadīṯ-Wissenschaften,Mawḍūʿ,Mawduu-,mawdˤuːʕ,extended
Ḥadīṯ-Wissenschaften,Mursal,Mursal,mursal,extended
Ḥadīṯ-Wissenschaften,Munqaṭiʿ,Munqati-,munqatˤiʕ,extended
Ḥadīṯ-Wissenschaften,Muʿḍal,Mu-dal,muʕdˤal,extended
Ḥadīṯ-Wissenschaften,Muʿallaq,Mu-allaq,muʕallaq,extended
Ḥadīṯ-Wissenschaften,Marfūʿ,Marfuu-,marfuːʕ,extended
Ḥadīṯ-Wissenschaften,Mawqūf,Mawquuf,mawquːf,extended
Ḥadīṯ-Wissenschaften,Maqṭūʿ,Maqtuu-,maqtˤuːʕ,extended
Ḥadīṯ-Wissenschaften,Mutawātir,Mutawaatir,mutawaːtir,extended
Ḥadīṯ-Wissenschaften,Āḥād,Aahaad,aːħaːd,extended
Ḥadīṯ-Wissenschaften,Ġarīb,Ghariib,ɣariːb,extended
Ḥadīṯ-Wissenschaften,ʿAzīz,-Aziiz,ʕaziːz,extended
Ḥadīṯ-Wissenschaften,Mašhūr,Maschhuur,maʃhuːr,extended
Ḥadīṯ-Wissenschaften,Mudallas,Mudallas,mudallas,extended
Ḥadīṯ-Wissenschaften,Tadlīs,Tadliis,tadliːs,extended
Ḥadīṯ-Wissenschaften,Šāḏḏ,Schaadhdh,ʃaːðð,extended
Ḥadīṯ-Wissenschaften,Munkar,Munkar,munkar,extended
Ḥadīṯ-Wissenschaften,Maʿlūl,Ma-luul,maʕluːl,extended
Ḥadīṯ-Wissenschaften,ʿIlal,-Ilal,ʕilal,extended
Ḥadīṯ-Wissenschaften,Ǧarḥ wa-taʿdīl,Dscharh wa-ta-diil,d͡ʒarħ wa.taʕdiːl,extended
Ḥadīṯ-Wissenschaften,Ṯiqah,Thiqah,θiqah,extended
Ḥadīṯ-Wissenschaften,Ṣadūq,Saduuq,sˤaduːq,extended
Ḥadīṯ-Wissenschaften,Ḍabṭ,Dabt,dˤabtˤ,extended
Ḥadīṯ-Wissenschaften,ʿAdālah,-Adaalah,ʕadaːlah,extended
Ḥadīṯ-Wissenschaften,Takhrīǧ,Takhriidsch,taxriːd͡ʒ,extended
Ḥadīṯ-Wissenschaften,Muṣṭalaḥ al-Ḥadīṯ,Mustalah al-Hadiith,musˤtˤalaħ al.ħadiːθ,extended
Ḥadīṯ-Wissenschaften,Musnad,Musnad,musnad,extended
Ḥadīṯ-Wissenschaften,Sunan,Sunan,sunan,extended
Ḥadīṯ-Wissenschaften,Ǧāmiʿ,Dschaami-,d͡ʒaːmiʕ,extended
Ḥadīṯ-Wissenschaften,Muṣannaf,Musannaf,musˤannaf,extended
Ḥadīṯ-Wissenschaften,Muʿǧam,Mu-dscham,muʕd͡ʒam,extended
Ḥadīṯ-Wissenschaften,Mustadrak,Mustadrak,mustadrak,extended
Ḥadīṯ-Wissenschaften,Silsilah,Silsilah,silsilah,extended
Propheten & Qurʾānische Personen,Ādam,Aadam,aːdam,core
Propheten & Qurʾānische Personen,Idrīs,Idriis,idriːs,core
Propheten & Qurʾānische Personen,Ṣāliḥ,Saalih,sˤaːliħ,core
Propheten & Qurʾānische Personen,Lūṭ,Luut,luːtˤ,core
Propheten & Qurʾānische Personen,Ismāʿīl,Ismaa-iil,ʔis.maːˈʕiːl,core
Propheten & Qurʾānische Personen,Isḥāq,Ishaaq,ʔisˈħaːq,core
Propheten & Qurʾānische Personen,Yaʿqūb,Ya-quub,jaʕˈquːb,core
Propheten & Qurʾānische Personen,Ayyūb,Ayyuub,ajjuːb,core
Propheten & Qurʾānische Personen,Šuʿayb,Schu-ayb,ʃuʕajb,core
Propheten & Qurʾānische Personen,Mūsā,Muusaa,ˈmuːsaː,core
Propheten & Qurʾānische Personen,Hārūn,Haaruun,haːˈruːn,core
Propheten & Qurʾānische Personen,Ḏū l-Kifl,Dhuu l-Kifl,ðuː l.kifl,core
Propheten & Qurʾānische Personen,Dāwūd,Daawuud,daːwuːd,core
Propheten & Qurʾānische Personen,Sulaymān,Sulaymaan,sulajmaːn,core
Propheten & Qurʾānische Personen,Ilyās,Ilyaas,iljaːs,core
Propheten & Qurʾānische Personen,al-Yasaʿ,al-Yasa-,al.jasaʕ,core
Propheten & Qurʾānische Personen,Zakariyyā,Zakariyyaa,zakarijjaː,core
Propheten & Qurʾānische Personen,Yaḥyā,Yahyaa,jaħjaː,core
Propheten & Qurʾānische Personen,ʿĪsā,Iisaa,ˈʕiːsaː,core
Propheten & Qurʾānische Personen,Aḥmad,Ahmad,aħmad,core
Propheten & Qurʾānische Personen,Ḏū l-Qarnayn,Dhuu l-Qarnayn,ðuː l.qarnajn,core
Propheten & Qurʾānische Personen,al-Khiḍr,al-Chidr,alˈxidˤr,core
Propheten & Qurʾānische Personen,Firʿawn,Fir-aun,firˈʕawn,core
Propheten & Qurʾānische Personen,Qārūn,Qaaruun,qaːruːn,core
Propheten & Qurʾānische Personen,Hāmān,Haamaan,haːmaːn,core
Propheten & Qurʾānische Personen,Āzar,Aazar,aːzar,core
Propheten & Qurʾānische Personen,Ṭālūt,Taaluut,tˤaːluːt,core
Propheten & Qurʾānische Personen,Ǧālūt,Dschaaluut,d͡ʒaːluːt,core
Propheten & Qurʾānische Personen,Banū Isrāʾīl,Banuu Israa-iil,banuː israːʔiːl,core
Propheten & Qurʾānische Personen,Isrāʾīl,Israa-iil,israːʔiːl,core
Propheten & Qurʾānische Personen,Madyan,Madyan,madjan,core
Propheten & Qurʾānische Personen,ʿĀd,-Aad,ʕaːd,core
Propheten & Qurʾānische Personen,Ṯamūd,Thamuud,θamuːd,core
"Engel, Jenseits & Glaubenswelt",Malāʾikah,Malaa-ikah,malaːʔikah,extended
"Engel, Jenseits & Glaubenswelt",Malak,Malak,malak,extended
"Engel, Jenseits & Glaubenswelt",Ǧibrīl,Dschibriil,d͡ʒibriːl,extended
"Engel, Jenseits & Glaubenswelt",Mīkāʾīl,Miikaa-iil,miːkaːʔiːl,extended
"Engel, Jenseits & Glaubenswelt",Isrāfīl,Israafiil,israːfiːl,extended
"Engel, Jenseits & Glaubenswelt",Mālik,Maalik,maːlik,extended
"Engel, Jenseits & Glaubenswelt",Nakīr,Nakiir,nakiːr,extended
"Engel, Jenseits & Glaubenswelt",Ǧinn,Dschinn,d͡ʒinn,extended
"Engel, Jenseits & Glaubenswelt",Šayṭān,Schaitaan,ʃajtˤaːn,extended
"Engel, Jenseits & Glaubenswelt",Šayāṭīn,Schayaatiin,ʃajaːtˤiːn,extended
"Engel, Jenseits & Glaubenswelt",Iblīs,Ibliis,ibliːs,extended
"Engel, Jenseits & Glaubenswelt",Dajjāl,Dajjaal,dajjaːl,extended
"Engel, Jenseits & Glaubenswelt",al-Masīḥ ad-Dajjāl,al-Masiih ad-Dajjaal,al.masiːħ ad.dajjaːl,extended
"Engel, Jenseits & Glaubenswelt",Mahdī,Mahdii,mahdiː,extended
"Engel, Jenseits & Glaubenswelt",al-Mahdī,al-Mahdii,al.mahdiː,extended
"Engel, Jenseits & Glaubenswelt",Ākhirah,Aakhirah,aːxirah,extended
"Engel, Jenseits & Glaubenswelt",Yawm al-Qiyāmah,Yawm al-Qiyaamah,jawm al.qijaːmah,extended
"Engel, Jenseits & Glaubenswelt",Qiyāmah,Qiyaamah,qijaːmah,extended
"Engel, Jenseits & Glaubenswelt",Baʿṯ,Ba-th,baʕθ,extended
"Engel, Jenseits & Glaubenswelt",Nušūr,Nuschuur,nuʃuːr,extended
"Engel, Jenseits & Glaubenswelt",Ḥašr,Haschr,ħaʃr,extended
"Engel, Jenseits & Glaubenswelt",Mīzān,Miizaan,miːzaːn,extended
"Engel, Jenseits & Glaubenswelt",Ṣirāṭ,Siraat,sˤiraːtˤ,extended
"Engel, Jenseits & Glaubenswelt",Ḥawḍ,Hawd,ħawdˤ,extended
"Engel, Jenseits & Glaubenswelt",Šafāʿah,Schafaa-ah,ʃafaːʕah,extended
"Engel, Jenseits & Glaubenswelt",Qabr,Qabr,qabr,extended
"Engel, Jenseits & Glaubenswelt",Qubūr,Qubuur,qubuːr,extended
"Engel, Jenseits & Glaubenswelt",Barzakh,Barzakh,barzax,extended
"Engel, Jenseits & Glaubenswelt",Naʿīm al-qabr,Na-iim al-qabr,naʕiːm al.qabr,extended
"Engel, Jenseits & Glaubenswelt",ʿAḏāb al-qabr,-Adhaab al-qabr,ʕaðaːb al.qabr,extended
"Engel, Jenseits & Glaubenswelt",Ǧannah,Dschannah,d͡ʒannah,extended
"Engel, Jenseits & Glaubenswelt",Firdaws,Firdaws,firdaws,extended
"Engel, Jenseits & Glaubenswelt",Jahannam,Dschahannam,d͡ʒahannam,extended
"Engel, Jenseits & Glaubenswelt",Nār,Naar,naːr,extended
"Engel, Jenseits & Glaubenswelt",ʿArš,-Arsch,ʕarʃ,extended
"Engel, Jenseits & Glaubenswelt",Kursī,Kursii,kursiː,extended
"Engel, Jenseits & Glaubenswelt",Lawḥ al-Maḥfūẓ,Lawh al-Mahfuuz,lawħ al.maħfuːðˤ,extended
"Engel, Jenseits & Glaubenswelt",Qalam,Qalam,qalam,extended
"Engel, Jenseits & Glaubenswelt",Qadar,Qadar,qadar,extended
"Engel, Jenseits & Glaubenswelt",Qaḍāʾ,Qadaa-,qadˤaːʔ,extended
"Engel, Jenseits & Glaubenswelt",Fitrah,Fitrah,fitrah,extended
"Ṣaḥābah, Ahl al-Bayt & frühe Generationen",Abū Bakr,Abuu Bakr,abuː bakr,extended
"Ṣaḥābah, Ahl al-Bayt & frühe Generationen",Abū Bakr aṣ-Ṣiddīq,Abuu Bakr as-Siddiiq,abuː bakr asˤ.sˤiddiːq,extended
"Ṣaḥābah, Ahl al-Bayt & frühe Generationen",ʿUmar,-Umar,ʕumar,extended
"Ṣaḥābah, Ahl al-Bayt & frühe Generationen",ʿUmar ibn al-Khaṭṭāb,-Umar ibn al-Khattaab,ʕumar ibn al.xatˤtˤaːb,extended
"Ṣaḥābah, Ahl al-Bayt & frühe Generationen",ʿUṯmān,-Uthmaan,ʕuθmaːn,extended
"Ṣaḥābah, Ahl al-Bayt & frühe Generationen",ʿUṯmān ibn ʿAffān,-Uthmaan ibn Affaan,ʕuθmaːn ibn ʕaffaːn,extended
"Ṣaḥābah, Ahl al-Bayt & frühe Generationen",ʿAlī,-Alii,ʕaliː,extended
"Ṣaḥābah, Ahl al-Bayt & frühe Generationen",ʿAlī ibn Abī Ṭālib,-Alii ibn Abii Taalib,ʕaliː ibn abiː tˤaːlib,extended
"Ṣaḥābah, Ahl al-Bayt & frühe Generationen",Ṭalḥah ibn ʿUbaydillāh,Talhah ibn Ubaydillaah,tˤalħah ibn ʕubajdillaːh,extended
"Ṣaḥābah, Ahl al-Bayt & frühe Generationen",az-Zubayr ibn al-ʿAwwām,az-Zubayr ibn al-Awwaam,az.zubajr ibn al.ʕawwaːm,extended
"Ṣaḥābah, Ahl al-Bayt & frühe Generationen",ʿAbd ar-Raḥmān ibn ʿAwf,-Abd ar-Rahmaan ibn Awf,ʕabd ar.raħmaːn ibn ʕawf,extended
"Ṣaḥābah, Ahl al-Bayt & frühe Generationen",Saʿd ibn Abī Waqqāṣ,Sa-d ibn Abii Waqqaas,saʕd ibn abiː waqqaːsˤ,extended
"Ṣaḥābah, Ahl al-Bayt & frühe Generationen",Saʿīd ibn Zayd,Sa-iid ibn Zayd,saʕiːd ibn zajd,extended
"Ṣaḥābah, Ahl al-Bayt & frühe Generationen",Abū ʿUbaydah ibn al-Ǧarrāḥ,Abuu Ubaydah ibn al-Dscharraah,abuː ʕubajdah ibn al.d͡ʒarraːħ,extended
"Ṣaḥābah, Ahl al-Bayt & frühe Generationen",Ḥamzah ibn ʿAbd al-Muṭṭalib,Hamzah ibn Abd al-Muttalib,ħamzah ibn ʕabd al.mutˤtˤalib,extended
"Ṣaḥābah, Ahl al-Bayt & frühe Generationen",al-ʿAbbās ibn ʿAbd al-Muṭṭalib,al-Abbaas ibn Abd al-Muttalib,al.ʕabbaːs ibn ʕabd al.mutˤtˤalib,extended
"Ṣaḥābah, Ahl al-Bayt & frühe Generationen",ʿAbdullāh ibn ʿAbbās,-Abdullaah ibn Abbaas,ʕabdullaːh ibn ʕabbaːs,extended
"Ṣaḥābah, Ahl al-Bayt & frühe Generationen",Ibn ʿAbbās,Ibn Abbaas,ibn ʕabbaːs,extended
"Ṣaḥābah, Ahl al-Bayt & frühe Generationen",ʿAbdullāh ibn Masʿūd,-Abdullaah ibn Mas-uud,ʕabdullaːh ibn masʕuːd,extended
"Ṣaḥābah, Ahl al-Bayt & frühe Generationen",Ibn Masʿūd,Ibn Mas-uud,ibn masʕuːd,extended
"Ṣaḥābah, Ahl al-Bayt & frühe Generationen",ʿAbdullāh ibn ʿUmar,-Abdullaah ibn Umar,ʕabdullaːh ibn ʕumar,extended
"Ṣaḥābah, Ahl al-Bayt & frühe Generationen",Ibn ʿUmar,Ibn Umar,ibn ʕumar,extended
"Ṣaḥābah, Ahl al-Bayt & frühe Generationen",ʿAbdullāh ibn ʿAmr,-Abdullaah ibn Amr,ʕabdullaːh ibn ʕamr,extended
"Ṣaḥābah, Ahl al-Bayt & frühe Generationen",Abū Hurayrah,Abuu Hurayrah,abuː hurajrah,extended
"Ṣaḥābah, Ahl al-Bayt & frühe Generationen",Anas ibn Mālik,Anas ibn Maalik,anas ibn maːlik,extended
"Ṣaḥābah, Ahl al-Bayt & frühe Generationen",Ǧābir ibn ʿAbdillāh,Dschaabir ibn Abdillaah,d͡ʒaːbir ibn ʕabdillaːh,extended
"Ṣaḥābah, Ahl al-Bayt & frühe Generationen",Abū Saʿīd al-Khudrī,Abuu Sa-iid al-Khudrii,abuː saʕiːd al.xudriː,extended
"Ṣaḥābah, Ahl al-Bayt & frühe Generationen",Abū Ḏarr al-Ġifārī,Abuu Dharr al-Ghifaarii,abuː ðarr al.ɣifaːriː,extended
"Ṣaḥābah, Ahl al-Bayt & frühe Generationen",Abū ad-Dardāʾ,Abuu ad-Dardaa-,abuː ad.dardaːʔ,extended
"Ṣaḥābah, Ahl al-Bayt & frühe Generationen",Muʿāḏ ibn Ǧabal,Mu-aadh ibn Dschabal,muʕaːð ibn d͡ʒabal,extended
"Ṣaḥābah, Ahl al-Bayt & frühe Generationen",Ubayy ibn Kaʿb,Ubayy ibn Ka-b,ubajj ibn kaʕb,extended
"Ṣaḥābah, Ahl al-Bayt & frühe Generationen",Zayd ibn Ṯābit,Zayd ibn Thaabit,zajd ibn θaːbit,extended
"Ṣaḥābah, Ahl al-Bayt & frühe Generationen",Bilāl ibn Rabāḥ,Bilaal ibn Rabaah,bilaːl ibn rabaːħ,extended
"Ṣaḥābah, Ahl al-Bayt & frühe Generationen",Salmān al-Fārisī,Salmaan al-Faarisii,salmaːn al.faːrisiː,extended
"Ṣaḥābah, Ahl al-Bayt & frühe Generationen",Ṣuhayb ar-Rūmī,Suhayb ar-Ruumii,sˤuhajb ar.ruːmiː,extended
"Ṣaḥābah, Ahl al-Bayt & frühe Generationen",ʿAmmār ibn Yāsir,-Ammaar ibn Yaasir,ʕammaːr ibn jaːsir,extended
"Ṣaḥābah, Ahl al-Bayt & frühe Generationen",Ḫabbāb ibn al-Aratt,Chabbaab ibn al-Aratt,xabbaːb ibn al.aratt,extended
"Ṣaḥābah, Ahl al-Bayt & frühe Generationen",Ḥuḏayfah ibn al-Yamān,Hudhayfah ibn al-Yamaan,ħuðajfah ibn al.jamaːn,extended
"Ṣaḥābah, Ahl al-Bayt & frühe Generationen",Abū Mūsā al-Ašʿarī,Abuu Muusaa al-Asch-arii,abuː muːsaː al.aʃʕariː,extended
"Ṣaḥābah, Ahl al-Bayt & frühe Generationen",ʿImrān ibn Ḥuṣayn,-Imraan ibn Husayn,ʕimraːn ibn ħusˤajn,extended
"Ṣaḥābah, Ahl al-Bayt & frühe Generationen",Samurah ibn Ǧundub,Samurah ibn Dschundub,samurah ibn d͡ʒundub,extended
"Ṣaḥābah, Ahl al-Bayt & frühe Generationen",al-Barāʾ ibn ʿĀzib,al-Baraa ibn Aazib,al.baraːʔ ibn ʕaːzib,extended
"Ṣaḥābah, Ahl al-Bayt & frühe Generationen",Zayd ibn Arqam,Zayd ibn Arqam,zajd ibn arqam,extended
"Ṣaḥābah, Ahl al-Bayt & frühe Generationen",ʿUqbah ibn ʿĀmir,-Uqbah ibn Aamir,ʕuqbah ibn ʕaːmir,extended
"Ṣaḥābah, Ahl al-Bayt & frühe Generationen",Abū Ayyūb al-Anṣārī,Abuu Ayyuub al-Ansaarii,abuː ajjuːb al.ansˤaːriː,extended
"Ṣaḥābah, Ahl al-Bayt & frühe Generationen",Khālid ibn al-Walīd,Khaalid ibn al-Waliid,xaːlid ibn al.waliːd,extended
"Ṣaḥābah, Ahl al-Bayt & frühe Generationen",ʿAmr ibn al-ʿĀṣ,-Amr ibn al-Aas,ʕamr ibn al.ʕaːsˤ,extended
"Ṣaḥābah, Ahl al-Bayt & frühe Generationen",Muʿāwiyah ibn Abī Sufyān,Mu-aawiyah ibn Abii Sufyaan,muʕaːwijah ibn abiː sufjaːn,extended
"Ṣaḥābah, Ahl al-Bayt & frühe Generationen",Ḥasan ibn ʿAlī,Hasan ibn Alii,ħasan ibn ʕaliː,extended
"Ṣaḥābah, Ahl al-Bayt & frühe Generationen",Ḥusayn ibn ʿAlī,Husayn ibn Alii,ħusajn ibn ʕaliː,extended
"Ṣaḥābah, Ahl al-Bayt & frühe Generationen",Fāṭimah az-Zahrāʾ,Faatimah az-Zahraa-,faːtˤimah az.zahraːʔ,extended
"Ṣaḥābah, Ahl al-Bayt & frühe Generationen",Khadīǧah bint Khuwaylid,Khadiidschah bint Khuwaylid,xadiːd͡ʒah bint xuwajlid,extended
"Ṣaḥābah, Ahl al-Bayt & frühe Generationen",ʿĀʾišah bint Abī Bakr,-Aa-ischah bint Abii Bakr,ʕaːʔiʃah bint abiː bakr,extended
"Ṣaḥābah, Ahl al-Bayt & frühe Generationen",Ḥafṣah bint ʿUmar,Hafsah bint Umar,ħafsˤah bint ʕumar,extended
"Ṣaḥābah, Ahl al-Bayt & frühe Generationen",Umm Salamah,Umm Salamah,umm salamah,extended
"Ṣaḥābah, Ahl al-Bayt & frühe Generationen",Zaynab bint Ǧaḥš,Zaynab bint Dschahsch,zajnab bint d͡ʒaħʃ,extended
"Ṣaḥābah, Ahl al-Bayt & frühe Generationen",Ṣafiyyah bint Ḥuyayy,Safiyyah bint Huyayy,sˤafijjah bint ħujajj,extended
"Ṣaḥābah, Ahl al-Bayt & frühe Generationen",Maymūnah bint al-Ḥāriṯ,Maymuunah bint al-Haarith,majmuːnah bint al.ħaːriθ,extended
"Ṣaḥābah, Ahl al-Bayt & frühe Generationen",Umm Ḥabībah,Umm Habiibah,umm ħabiːbah,extended
"Ṣaḥābah, Ahl al-Bayt & frühe Generationen",Ǧuwayriyyah bint al-Ḥāriṯ,Dschuwayriyyah bint al-Haarith,d͡ʒuwajrijjah bint al.ħaːriθ,extended
"Ṣaḥābah, Ahl al-Bayt & frühe Generationen",Sawdah bint Zamʿah,Sawdah bint Zam-ah,sawdah bint zamʕah,extended
"Ṣaḥābah, Ahl al-Bayt & frühe Generationen",Māriyah al-Qibṭiyyah,Maariyah al-Qibtiyyah,maːrijah al.qibtˤijjah,extended
"Ṣaḥābah, Ahl al-Bayt & frühe Generationen",Asmāʾ bint Abī Bakr,Asmaa bint Abii Bakr,asmaːʔ bint abiː bakr,extended
"Ṣaḥābah, Ahl al-Bayt & frühe Generationen",Umm Sulaym,Umm Sulaym,umm sulajm,extended
"Ṣaḥābah, Ahl al-Bayt & frühe Generationen",Umm ʿAṭiyyah,Umm Atiyyah,umm ʕatˤijjah,extended
"Ṣaḥābah, Ahl al-Bayt & frühe Generationen",Umm ad-Dardāʾ,Umm ad-Dardaa-,umm ad.dardaːʔ,extended
"Tābiʿīn, Salaf & Gelehrte",Saʿīd ibn al-Musayyib,Sa-iid ibn al-Musayyib,saʕiːd ibn al.musajjib,extended
"Tābiʿīn, Salaf & Gelehrte",al-Ḥasan al-Baṣrī,al-Hasan al-Basrii,al.ħasan al.basˤriː,extended
"Tābiʿīn, Salaf & Gelehrte",Muḥammad ibn Sīrīn,Muhammad ibn Siiriin,muħammad ibn siːriːn,extended
"Tābiʿīn, Salaf & Gelehrte",ʿUrwah ibn az-Zubayr,-Urwah ibn az-Zubayr,ʕurwah ibn az.zubajr,extended
"Tābiʿīn, Salaf & Gelehrte",al-Qāsim ibn Muḥammad,al-Qaasim ibn Muhammad,al.qaːsim ibn muħammad,extended
"Tābiʿīn, Salaf & Gelehrte",Sālim ibn ʿAbdillāh,Saalim ibn Abdillaah,saːlim ibn ʕabdillaːh,extended
"Tābiʿīn, Salaf & Gelehrte",Nāfiʿ,Naafi-,naːfiʕ,extended
"Tābiʿīn, Salaf & Gelehrte",Mujāhid ibn Ǧabr,Mujaahid ibn Dschabr,mujaːhid ibn d͡ʒabr,extended
"Tābiʿīn, Salaf & Gelehrte",ʿIkrimah,-Ikrimah,ʕikrimah,extended
"Tābiʿīn, Salaf & Gelehrte",ʿAṭāʾ ibn Abī Rabāḥ,-Ataa ibn Abii Rabaah,ʕatˤaːʔ ibn abiː rabaːħ,extended
"Tābiʿīn, Salaf & Gelehrte",Ṭāwūs ibn Kaysān,Taawuus ibn Kaysaan,tˤaːwuːs ibn kajsaːn,extended
"Tābiʿīn, Salaf & Gelehrte",Qatādah ibn Diʿāmah,Qataadah ibn Di-aamah,qataːdah ibn diʕaːmah,extended
"Tābiʿīn, Salaf & Gelehrte",Masrūq ibn al-Ajdaʿ,Masruuq ibn al-Ajda-,masruːq ibn al.ajdaʕ,extended
"Tābiʿīn, Salaf & Gelehrte",ʿAlqamah ibn Qays,-Alqamah ibn Qays,ʕalqamah ibn qajs,extended
"Tābiʿīn, Salaf & Gelehrte",al-Aswad ibn Yazīd,al-Aswad ibn Yaziid,al.aswad ibn jaziːd,extended
"Tābiʿīn, Salaf & Gelehrte",Ibrāhīm an-Nakhaʿī,Ibraahiim an-Nakha-ii,ibraːhiːm an.naxaʕiː,extended
"Tābiʿīn, Salaf & Gelehrte",ʿĀmir aš-Šaʿbī,-Aamir asch-Scha-bii,ʕaːmir aʃ.ʃaʕbiː,extended
"Tābiʿīn, Salaf & Gelehrte",Saʿīd ibn Ǧubayr,Sa-iid ibn Dschubayr,saʕiːd ibn d͡ʒubajr,extended
"Tābiʿīn, Salaf & Gelehrte",Abū al-ʿĀliyah,Abuu al-Aaliyah,abuː al.ʕaːlijah,extended
"Tābiʿīn, Salaf & Gelehrte",Muḥammad al-Bāqir,Muhammad al-Baaqir,muħammad al.baːqir,extended
"Tābiʿīn, Salaf & Gelehrte",az-Zuhrī,az-Zuhrii,az.zuhriː,extended
"Tābiʿīn, Salaf & Gelehrte",Muḥammad ibn Šihāb az-Zuhrī,Muhammad ibn Schihaab az-Zuhrii,muħammad ibn ʃihaːb az.zuhriː,extended
"Tābiʿīn, Salaf & Gelehrte",Rabīʿah ar-Raʾy,Rabii-ah ar-Ra-y,rabiːʕah ar.raʔj,extended
"Tābiʿīn, Salaf & Gelehrte",Ǧaʿfar aṣ-Ṣādiq,Dscha-far as-Saadiq,d͡ʒaʕfar asˤ.sˤaːdiq,extended
"Tābiʿīn, Salaf & Gelehrte",Abū Ḥanīfah,Abuu Haniifah,abuː ħaniːfah,extended
"Tābiʿīn, Salaf & Gelehrte",Mālik ibn Anas,Maalik ibn Anas,maːlik ibn anas,extended
"Tābiʿīn, Salaf & Gelehrte",al-Awzāʿī,al-Awzaa-ii,al.awzaːʕiː,extended
"Tābiʿīn, Salaf & Gelehrte",Sufyān aṯ-Ṯawrī,Sufyaan ath-Thawrii,sufjaːn aθ.θawriː,extended
"Tābiʿīn, Salaf & Gelehrte",al-Layṯ ibn Saʿd,al-Layth ibn Sa-d,al.lajθ ibn saʕd,extended
"Tābiʿīn, Salaf & Gelehrte",Sufyān ibn ʿUyaynah,Sufyaan ibn Uyaynah,sufjaːn ibn ʕujajnah,extended
"Tābiʿīn, Salaf & Gelehrte",ʿAbdullāh ibn al-Mubārak,-Abdullaah ibn al-Mubaarak,ʕabdullaːh ibn al.mubaːrak,extended
"Tābiʿīn, Salaf & Gelehrte",Wakīʿ ibn al-Ǧarrāḥ,Wakii ibn al-Dscharraah,wakiːʕ ibn al.d͡ʒarraːħ,extended
"Tābiʿīn, Salaf & Gelehrte",ʿAbd ar-Raḥmān ibn Mahdī,-Abd ar-Rahmaan ibn Mahdii,ʕabd ar.raħmaːn ibn mahdiː,extended
"Tābiʿīn, Salaf & Gelehrte",Yaḥyā ibn Saʿīd al-Qaṭṭān,Yahyaa ibn Sa-iid al-Qattaan,jaħjaː ibn saʕiːd al.qatˤtˤaːn,extended
"Tābiʿīn, Salaf & Gelehrte",aš-Šāfiʿī,asch-Schaafi-ii,aʃ.ʃaːfiʕiː,extended
"Tābiʿīn, Salaf & Gelehrte",Aḥmad ibn Ḥanbal,Ahmad ibn Hanbal,aħmad ibn ħanbal,extended
"Tābiʿīn, Salaf & Gelehrte",Isḥāq ibn Rāhawayh,Ishaaq ibn Raahawayh,isħaːq ibn raːhawajh,extended
"Tābiʿīn, Salaf & Gelehrte",Yaḥyā ibn Maʿīn,Yahyaa ibn Ma-iin,jaħjaː ibn maʕiːn,extended
"Tābiʿīn, Salaf & Gelehrte",ʿAlī ibn al-Madīnī,-Alii ibn al-Madiinii,ʕaliː ibn al.madiːniː,extended
"Tābiʿīn, Salaf & Gelehrte",Abū Zurʿah ar-Rāzī,Abuu Zur-ah ar-Raazii,abuː zurʕah ar.raːziː,extended
"Tābiʿīn, Salaf & Gelehrte",Abū Ḥātim ar-Rāzī,Abuu Haatim ar-Raazii,abuː ħaːtim ar.raːziː,extended
"Tābiʿīn, Salaf & Gelehrte",al-Bukhārī,al-Buchaarii,al.buxaːriː,extended
"Tābiʿīn, Salaf & Gelehrte",Muslim ibn al-Ḥajjāǧ,Muslim ibn al-Hajjaadsch,muslim ibn al.ħajjaːd͡ʒ,extended
"Tābiʿīn, Salaf & Gelehrte",Abū Dāwūd,Abuu Daawuud,abuː daːwuːd,extended
"Tābiʿīn, Salaf & Gelehrte",at-Tirmiḏī,at-Tirmidhii,at.tirmiðiː,extended
"Tābiʿīn, Salaf & Gelehrte",an-Nasāʾī,an-Nasaa-ii,an.nasaːʔiː,extended
"Tābiʿīn, Salaf & Gelehrte",Ibn Māǧah,Ibn Maadscha,ibn maːd͡ʒah,extended
"Tābiʿīn, Salaf & Gelehrte",ad-Dārimī,ad-Daarimii,ad.daːrimiː,extended
"Tābiʿīn, Salaf & Gelehrte",Ibn Khuzaymah,Ibn Khuzaymah,ibn xuzajmah,extended
"Tābiʿīn, Salaf & Gelehrte",Ibn Ḥibbān,Ibn Hibbaan,ibn ħibbaːn,extended
"Tābiʿīn, Salaf & Gelehrte",aṭ-Ṭabarī,at-Tabarii,atˤ.tˤabariː,extended
"Tābiʿīn, Salaf & Gelehrte",aṭ-Ṭaḥāwī,at-Tahaawii,atˤ.tˤaħaːwiː,extended
"Tābiʿīn, Salaf & Gelehrte",al-Lālakāʾī,al-Laalakaa-ii,al.laːlakaːʔiː,extended
"Tābiʿīn, Salaf & Gelehrte",al-Āǧurrī,al-Aadschurrii,al.aːd͡ʒurriː,extended
"Tābiʿīn, Salaf & Gelehrte",Ibn Baṭṭah,Ibn Battah,ibn batˤtˤah,extended
"Tābiʿīn, Salaf & Gelehrte",al-Barbahārī,al-Barbahaarii,al.barbahaːriː,extended
"Tābiʿīn, Salaf & Gelehrte",ad-Dāraquṭnī,ad-Daaraqutnii,ad.daːraqutˤniː,extended
"Tābiʿīn, Salaf & Gelehrte",al-Bayhaqī,al-Bayhaqii,al.bajhaqiː,extended
"Tābiʿīn, Salaf & Gelehrte",al-Khaṭīb al-Baġdādī,al-Khatiib al-Baghdaadii,al.xatˤiːb al.baɣdaːdiː,extended
"Tābiʿīn, Salaf & Gelehrte",Ibn ʿAbd al-Barr,Ibn Abd al-Barr,ibn ʕabd al.barr,extended
"Tābiʿīn, Salaf & Gelehrte",al-Baġawī,al-Baghawii,al.baɣawiː,extended
"Tābiʿīn, Salaf & Gelehrte",Ibn Qudāmah,Ibn Qudaamah,ibn qudaːmah,extended
"Tābiʿīn, Salaf & Gelehrte",ʿAbd al-Ġanī al-Maqdisī,-Abd al-Ghanii al-Maqdisii,ʕabd al.ɣaniː al.maqdisiː,extended
"Tābiʿīn, Salaf & Gelehrte",Ibn Taymiyyah,Ibn Taimiyyah,ibn tajmijjah,extended
"Tābiʿīn, Salaf & Gelehrte",Ibn al-Qayyim,Ibn al-Qayyim,ibn al.qajjim,extended
"Tābiʿīn, Salaf & Gelehrte",aḏ-Ḏahabī,adh-Dhahabii,að.ðahabiː,extended
"Tābiʿīn, Salaf & Gelehrte",Ibn Kaṯīr,Ibn Kathiir,ibn kaθiːr,extended
"Tābiʿīn, Salaf & Gelehrte",Ibn Raǧab,Ibn Radschab,ibn rad͡ʒab,extended
"Tābiʿīn, Salaf & Gelehrte",an-Nawawī,an-Nawawii,an.nawawiː,extended
"Tābiʿīn, Salaf & Gelehrte",Ibn Ḥaǧar al-ʿAsqalānī,Ibn Hadschar al-Asqalaanii,ibn ħad͡ʒar al.ʕasqalaːniː,extended
"Tābiʿīn, Salaf & Gelehrte",Ibn Abī Šaybah,Ibn Abii Schaybah,ibn abiː ʃajbah,extended
"Tābiʿīn, Salaf & Gelehrte",ʿAbd ar-Razzāq aṣ-Ṣanʿānī,-Abd ar-Razzaaq as-San-aanii,ʕabd ar.razzaːq asˤ.sˤanʕaːniː,extended
"Tābiʿīn, Salaf & Gelehrte",Ibn Abī ʿĀṣim,Ibn Abii Aasim,ibn abiː ʕaːsˤim,extended
"Tābiʿīn, Salaf & Gelehrte",Ibn Naṣr al-Marwazī,Ibn Nasr al-Marwazii,ibn nasˤr al.marwaziː,extended
"Tābiʿīn, Salaf & Gelehrte",al-Marwazī,al-Marwazii,al.marwaziː,extended
"Tābiʿīn, Salaf & Gelehrte",Ibn Waḍḍāḥ,Ibn Waddaah,ibn wadˤdˤaːħ,extended
"Tābiʿīn, Salaf & Gelehrte",Abū ʿUbayd al-Qāsim ibn Sallām,Abuu Ubayd al-Qaasim ibn Sallaam,abuː ʕubajd al.qaːsim ibn sallaːm,extended
"Tābiʿīn, Salaf & Gelehrte",Ibn al-Mundhir,Ibn al-Mundhir,ibn al.munðir,extended
"Tābiʿīn, Salaf & Gelehrte",Ibn Ḥazm,Ibn Hazm,ibn ħazm,extended
"Tābiʿīn, Salaf & Gelehrte",al-Khallāl,al-Khallaal,al.xallaːl,extended
"Tābiʿīn, Salaf & Gelehrte",al-Khiraqī,al-Khiraqii,al.xiraqiː,extended
"Tābiʿīn, Salaf & Gelehrte",as-Sarakhsī,as-Sarakhsii,as.saraxsiː,extended
"Tābiʿīn, Salaf & Gelehrte",al-Marġīnānī,al-Marghiinaanii,al.marɣiːnaːniː,extended
"Tābiʿīn, Salaf & Gelehrte",al-Kāsānī,al-Kaasaanii,al.kaːsaːniː,extended
"Tābiʿīn, Salaf & Gelehrte",al-Qurṭubī,al-Qurtubii,al.qurtˤubiː,extended
"Tābiʿīn, Salaf & Gelehrte",Ibn ʿAṭiyyah,Ibn Atiyyah,ibn ʕatˤijjah,extended
"Tābiʿīn, Salaf & Gelehrte",al-Māwardī,al-Maawardii,al.maːwardiː,extended
"Tābiʿīn, Salaf & Gelehrte",Abū Yaʿlā al-Farrāʾ,Abuu Ya-laa al-Farraa-,abuː jaʕlaː al.farraːʔ,extended
"Tābiʿīn, Salaf & Gelehrte",Ibn Mufliḥ,Ibn Muflih,ibn mufliħ,extended
"Tābiʿīn, Salaf & Gelehrte",Ibn Taymiyyah al-Ḥarrānī,Ibn Taymiyyah al-Harraanii,ibn tajmijjah al.ħarraːniː,extended
"Tābiʿīn, Salaf & Gelehrte",Muḥammad ibn ʿAbd al-Wahhāb,Muhammad ibn Abd al-Wahhaab,muħammad ibn ʕabd al.wahhaːb,extended
"Tābiʿīn, Salaf & Gelehrte",ʿAbd ar-Raḥmān ibn Ḥasan,-Abd ar-Rahmaan ibn Hasan,ʕabd ar.raħmaːn ibn ħasan,extended
"Tābiʿīn, Salaf & Gelehrte",Sulaymān ibn ʿAbdillāh Āl aš-Šaykh,Sulaymaan ibn Abdillaah Aal asch-Schaykh,sulajmaːn ibn ʕabdillaːh aːl aʃ.ʃajx,extended
"Tābiʿīn, Salaf & Gelehrte",Ḥamad ibn ʿAtīq,Hamad ibn Atiiq,ħamad ibn ʕatiːq,extended
"Tābiʿīn, Salaf & Gelehrte",ʿAbd al-Laṭīf ibn ʿAbd ar-Raḥmān,-Abd al-Latiif ibn Abd ar-Rahmaan,ʕabd al.latˤiːf ibn ʕabd ar.raħmaːn,extended
Fiqh & ʿIbādāt,Fiqh,Fiqh,fiqh,extended
Fiqh & ʿIbādāt,Uṣūl al-Fiqh,Usuul al-Fiqh,usˤuːl al.fiqh,extended
Fiqh & ʿIbādāt,ʿIbādah,-Ibaadah,ʕibaːdah,extended
Fiqh & ʿIbādāt,ʿIbādāt,-Ibaadaat,ʕibaːdaːt,extended
Fiqh & ʿIbādāt,Ṭahārah,Tahaarah,tˤahaːrah,extended
Fiqh & ʿIbādāt,Wuḍūʾ,Wuduu,wudˤuːʔ,extended
Fiqh & ʿIbādāt,Ġusl,Ghusl,ɣusl,extended
Fiqh & ʿIbādāt,Tayammum,Tayammum,tajammum,extended
Fiqh & ʿIbādāt,Naǧāsah,Nadschaasah,nad͡ʒaːsah,extended
Fiqh & ʿIbādāt,Ḥadaṯ,Hadath,ħadaθ,extended
Fiqh & ʿIbādāt,Ǧanābah,Dschanaabah,d͡ʒanaːbah,extended
Fiqh & ʿIbādāt,Ḥayḍ,Hayd,ħajdˤ,extended
Fiqh & ʿIbādāt,Nifās,Nifaas,nifaːs,extended
Fiqh & ʿIbādāt,Istinǧāʾ,Istindschaa-,istind͡ʒaːʔ,extended
Fiqh & ʿIbādāt,Siwāk,Siwaak,siwaːk,extended
Fiqh & ʿIbādāt,Ṣalāh,Salaah,sˤalaːh,extended
Fiqh & ʿIbādāt,Ṣalāt,Salaat,sˤalaːt,extended
Fiqh & ʿIbādāt,Fajr,Fajr,fajr,extended
Fiqh & ʿIbādāt,Ẓuhr,Zuhr,ðˤuhr,extended
Fiqh & ʿIbādāt,ʿAṣr,-Asr,ʕasˤr,extended
Fiqh & ʿIbādāt,Maġrib,Maghrib,maɣrib,extended
Fiqh & ʿIbādāt,ʿIšāʾ,-Ischaa-,ʕiʃaːʔ,extended
Fiqh & ʿIbādāt,Qiyām al-layl,Qiyaam al-layl,qijaːm al.lajl,extended
Fiqh & ʿIbādāt,Tahajjud,Tahajjud,tahajjud,extended
Fiqh & ʿIbādāt,Witr,Witr,witr,extended
Fiqh & ʿIbādāt,Tarāwīḥ,Taraawiih,taraːwiːħ,extended
Fiqh & ʿIbādāt,Ḍuḥā,Duhaa,dˤuħaː,extended
Fiqh & ʿIbādāt,Istikhārah,Istikhaarah,istixaːrah,extended
Fiqh & ʿIbādāt,Istisqāʾ,Istisqaa-,istisqaːʔ,extended
Fiqh & ʿIbādāt,Kusūf,Kusuuf,kusuːf,extended
Fiqh & ʿIbādāt,Khushūʿ,Khushuu-,xuʃuːʕ,extended
Fiqh & ʿIbādāt,Takbīr,Takbiir,takbiːr,extended
Fiqh & ʿIbādāt,Takbīrat al-iḥrām,Takbiirat al-ihraam,takbiːrat al.iħraːm,extended
Fiqh & ʿIbādāt,Qiyām,Qiyaam,qijaːm,extended
Fiqh & ʿIbādāt,Rukūʿ,Rukuu-,rukuːʕ,extended
Fiqh & ʿIbādāt,Sujūd,Sujuud,sujuːd,extended
Fiqh & ʿIbādāt,Saǧdah,Sadschdah,sad͡ʒdah,extended
Fiqh & ʿIbādāt,Tašahhud,Taschahhud,taʃahhud,extended
Fiqh & ʿIbādāt,Taslīm,Tasliim,tasliːm,extended
Fiqh & ʿIbādāt,Taslim,Taslim,taslim,extended
Fiqh & ʿIbādāt,Imām,Imaam,imaːm,extended
Fiqh & ʿIbādāt,Maʾmūm,Ma-muum,maʔmuːm,extended
Fiqh & ʿIbādāt,Ǧamāʿah,Dschamaa-ah,d͡ʒamaːʕah,extended
Fiqh & ʿIbādāt,Masǧid,Masdschid,masd͡ʒid,extended
Fiqh & ʿIbādāt,Miḥrāb,Mihraab,miħraːb,extended
Fiqh & ʿIbādāt,Minbar,Minbar,minbar,extended
Fiqh & ʿIbādāt,Qiblah,Qiblah,qiblah,extended
Fiqh & ʿIbādāt,Aḏān,Adhaan,aðaːn,extended
Fiqh & ʿIbādāt,Iqāmah,Iqaamah,iqaːmah,extended
Fiqh & ʿIbādāt,Muʾaḏḏin,Mu-adhdhin,muʔaððin,extended
Fiqh & ʿIbādāt,Ǧumuʿah,Dschumu-ah,d͡ʒumuʕah,extended
Fiqh & ʿIbādāt,Khuṭbah,Khutbah,xutˤbah,extended
Fiqh & ʿIbādāt,Zakāh,Zakaah,zakaːh,extended
Fiqh & ʿIbādāt,Zakāt,Zakaat,zakaːt,extended
Fiqh & ʿIbādāt,Ṣadaqah,Sadaqah,sˤadaqah,extended
Fiqh & ʿIbādāt,Ṣadaqat al-fiṭr,Sadaqat al-fitr,sˤadaqat al.fitˤr,extended
Fiqh & ʿIbādāt,Zakāt al-fiṭr,Zakaat al-fitr,zakaːt al.fitˤr,extended
Fiqh & ʿIbādāt,Niṣāb,Nisaab,nisˤaːb,extended
Fiqh & ʿIbādāt,Ḥawl,Hawl,ħawl,extended
Fiqh & ʿIbādāt,Ṣawm,Sawm,sˤawm,extended
Fiqh & ʿIbādāt,Ṣiyām,Siyaam,sˤijaːm,extended
Fiqh & ʿIbādāt,Ramaḍān,Ramadaan,ramadˤaːn,extended
Fiqh & ʿIbādāt,Suḥūr,Suhuur,suħuːr,extended
Fiqh & ʿIbādāt,Ifṭār,Iftaar,iftˤaːr,extended
Fiqh & ʿIbādāt,Iʿtikāf,I-tikaaf,iʕtikaːf,extended
Fiqh & ʿIbādāt,Laylat al-Qadr,Laylat al-Qadr,lajlat al.qadr,extended
Fiqh & ʿIbādāt,Ḥaǧǧ,Hadsch,ħad͡ʒd͡ʒ,extended
Fiqh & ʿIbādāt,Ḥajj,Hadsch,ħajj,extended
Fiqh & ʿIbādāt,ʿUmrah,-Umrah,ʕumrah,extended
Fiqh & ʿIbādāt,Iḥrām,Ihraam,iħraːm,extended
Fiqh & ʿIbādāt,Mīqāt,Miiqaat,miːqaːt,extended
Fiqh & ʿIbādāt,Ṭawāf,Tawaaf,tˤawaːf,extended
Fiqh & ʿIbādāt,Saʿy,Sa-y,saʕj,extended
Fiqh & ʿIbādāt,Ṣafā,Safaa,sˤafaː,extended
Fiqh & ʿIbādāt,Marwah,Marwah,marwah,extended
Fiqh & ʿIbādāt,ʿArafah,-Arafah,ʕarafah,extended
Fiqh & ʿIbādāt,Muzdalifah,Muzdalifah,muzdalifah,extended
Fiqh & ʿIbādāt,Minā,Minaa,minaː,extended
Fiqh & ʿIbādāt,Ǧamarāt,Dschamaraat,d͡ʒamaraːt,extended
Fiqh & ʿIbādāt,Talbiyah,Talbiyah,talbijah,extended
Fiqh & ʿIbādāt,Hady,Hady,hadj,extended
Fiqh & ʿIbādāt,Uḍḥiyah,Udhiyah,udˤħijah,extended
Fiqh & ʿIbādāt,ʿAqīqah,-Aqiiqah,ʕaqiːqah,extended
Fiqh & ʿIbādāt,Nikāḥ,Nikaah,nikaːħ,extended
Fiqh & ʿIbādāt,Walīmah,Waliimah,waliːmah,extended
Fiqh & ʿIbādāt,Mahr,Mahr,mahr,extended
Fiqh & ʿIbādāt,Walī,Walii,waliː,extended
Fiqh & ʿIbādāt,Ṭalāq,Talaaq,tˤalaːq,extended
Fiqh & ʿIbādāt,Khulʿ,Khul-,xulʕ,extended
Fiqh & ʿIbādāt,ʿIddah,-Iddah,ʕiddah,extended
Fiqh & ʿIbādāt,Raḍāʿah,Radaa-ah,radˤaːʕah,extended
Fiqh & ʿIbādāt,Nafaqah,Nafaqah,nafaqah,extended
Fiqh & ʿIbādāt,Janāzah,Janaazah,d͡ʒanaːzah,extended
Fiqh & ʿIbādāt,Ǧanāzah,Dschanaazah,d͡ʒanaːzah,extended
Fiqh & ʿIbādāt,Kafan,Kafan,kafan,extended
Fiqh & ʿIbādāt,Wasiyyah,Wasiyyah,wasijjah,extended
Fiqh & ʿIbādāt,Waṣiyyah,Wasiyyah,wasˤijjah,extended
Fiqh & ʿIbādāt,Mīrāṯ,Miiraath,miːraːθ,extended
Fiqh & ʿIbādāt,Farāʾiḍ,Faraa-id,faraːʔidˤ,extended
Fiqh & ʿIbādāt,Ribā,Ribaa,ribaː,extended
Fiqh & ʿIbādāt,Bayʿ,Bay-,bajʕ,extended
Fiqh & ʿIbādāt,Širkah,Schirkah,ʃirkah,extended
Fiqh & ʿIbādāt,Ijārah,Ijaarah,ijaːrah,extended
Fiqh & ʿIbādāt,Qarḍ,Qard,qardˤ,extended
Fiqh & ʿIbādāt,Rahn,Rahn,rahn,extended
Fiqh & ʿIbādāt,Waqf,Waqf,waqf,extended
Fiqh & ʿIbādāt,Hibah,Hibah,hibah,extended
Fiqh & ʿIbādāt,Luqaṭah,Luqatah,luqatˤah,extended
Fiqh & ʿIbādāt,Ḏabḥ,Dhabh,ðabħ,extended
Fiqh & ʿIbādāt,Ḏabīḥah,Dhabiihah,ðabiːħah,extended
Fiqh & ʿIbādāt,Ṣayd,Sayd,sˤajd,extended
Fiqh & ʿIbādāt,Ḥalāl,Halaal,ħalaːl,extended
Fiqh & ʿIbādāt,Ḥarām,Haraam,ħaraːm,extended
Fiqh & ʿIbādāt,Makrūh,Makruuh,makruːh,extended
Fiqh & ʿIbādāt,Mubāḥ,Mubaah,mubaːħ,extended
Fiqh & ʿIbādāt,Mustaḥabb,Mustahabb,mustaħabb,extended
Fiqh & ʿIbādāt,Mandūb,Manduub,manduːb,extended
Fiqh & ʿIbādāt,Wāǧib,Waadschib,waːd͡ʒib,extended
Fiqh & ʿIbādāt,Farḍ,Fard,fardˤ,extended
Fiqh & ʿIbādāt,Farḍ ʿayn,Fard ayn,fardˤ ʕajn,extended
Fiqh & ʿIbādāt,Farḍ kifāyah,Fard kifaayah,fardˤ kifaːjah,extended
Fiqh & ʿIbādāt,Sunnah muʾakkadah,Sunnah mu-akkadah,sunnah muʔakkadah,extended
"Uṣūl, Recht, ʿAqīdah & Manhaj",Ḥukm,Hukm,ħukm,extended
"Uṣūl, Recht, ʿAqīdah & Manhaj",Aḥkām,Ahkaam,aħkaːm,extended
"Uṣūl, Recht, ʿAqīdah & Manhaj",Dalīl,Daliil,daliːl,extended
"Uṣūl, Recht, ʿAqīdah & Manhaj",Adillah,Adillah,adillah,extended
"Uṣūl, Recht, ʿAqīdah & Manhaj",Naṣṣ,Nass,nasˤsˤ,extended
"Uṣūl, Recht, ʿAqīdah & Manhaj",Nuṣūṣ,Nusuus,nusˤuːsˤ,extended
"Uṣūl, Recht, ʿAqīdah & Manhaj",Iǧmāʿ,Idschmaa,id͡ʒmaːʕ,extended
"Uṣūl, Recht, ʿAqīdah & Manhaj",Ijmāʿ,Idschmaa,ijmaːʕ,extended
"Uṣūl, Recht, ʿAqīdah & Manhaj",Qiyās,Qiyaas,qijaːs,extended
"Uṣūl, Recht, ʿAqīdah & Manhaj",Iǧtihād,Idschtihaad,id͡ʒtihaːd,extended
"Uṣūl, Recht, ʿAqīdah & Manhaj",Ijtihād,Idschtihaad,ijtihaːd,extended
"Uṣūl, Recht, ʿAqīdah & Manhaj",Mujtahid,Mujtahid,mujtahid,extended
"Uṣūl, Recht, ʿAqīdah & Manhaj",Muqallid,Muqallid,muqallid,extended
"Uṣūl, Recht, ʿAqīdah & Manhaj",Taqlīd,Taqliid,taqliːd,extended
"Uṣūl, Recht, ʿAqīdah & Manhaj",Fatwā,Fatwaa,fatwaː,extended
"Uṣūl, Recht, ʿAqīdah & Manhaj",Fatāwā,Fataawaa,fataːwaː,extended
"Uṣūl, Recht, ʿAqīdah & Manhaj",Muftī,Muftii,muftiː,extended
"Uṣūl, Recht, ʿAqīdah & Manhaj",Qāḍī,Qaadii,qaːdˤiː,extended
"Uṣūl, Recht, ʿAqīdah & Manhaj",Šahādah,Schahaadah,ʃahaːdah,extended
"Uṣūl, Recht, ʿAqīdah & Manhaj",Bayyinah,Bayyinah,bajjinah,extended
"Uṣūl, Recht, ʿAqīdah & Manhaj",Ḥujjah,Hujjah,ħujjah,extended
"Uṣūl, Recht, ʿAqīdah & Manhaj",Iqāmat al-ḥujjah,Iqaamat al-hujjah,iqaːmat al.ħujjah,extended
"Uṣūl, Recht, ʿAqīdah & Manhaj",ʿUḏr,-Udhr,ʕuðr,extended
"Uṣūl, Recht, ʿAqīdah & Manhaj",Jahl,Jahl,d͡ʒahl,extended
"Uṣūl, Recht, ʿAqīdah & Manhaj",Ǧahl,Dschahl,d͡ʒahl,extended
"Uṣūl, Recht, ʿAqīdah & Manhaj",Ikrāh,Ikraah,ikraːh,extended
"Uṣūl, Recht, ʿAqīdah & Manhaj",Khaṭaʾ,Khata-,xatˤaʔ,extended
"Uṣūl, Recht, ʿAqīdah & Manhaj",Nisyān,Nisyaan,nisjaːn,extended
"Uṣūl, Recht, ʿAqīdah & Manhaj",ʿAmd,-Amd,ʕamd,extended
"Uṣūl, Recht, ʿAqīdah & Manhaj",Darūrah,Daruurah,daruːrah,extended
"Uṣūl, Recht, ʿAqīdah & Manhaj",Ḍarūrah,Daruurah,dˤaruːrah,extended
"Uṣūl, Recht, ʿAqīdah & Manhaj",Maṣlaḥah,Maslahah,masˤlaħah,extended
"Uṣūl, Recht, ʿAqīdah & Manhaj",Mafsadah,Mafsadah,mafsadah,extended
"Uṣūl, Recht, ʿAqīdah & Manhaj",Sadd aḏ-ḏarāʾiʿ,Sadd adh-dharaa-i-,sadd að.ðaraːʔiʕ,extended
"Uṣūl, Recht, ʿAqīdah & Manhaj",Istiḥsān,Istihsaan,istiħsaːn,extended
"Uṣūl, Recht, ʿAqīdah & Manhaj",Istiṣḥāb,Istishaab,istisˤħaːb,extended
"Uṣūl, Recht, ʿAqīdah & Manhaj",ʿUrf,-Urf,ʕurf,extended
"Uṣūl, Recht, ʿAqīdah & Manhaj",Qāʿidah fiqhiyyah,Qaa-idah fiqhiyyah,qaːʕidah fiqhijjah,extended
"Uṣūl, Recht, ʿAqīdah & Manhaj",Uṣūl,Usuul,usˤuːl,extended
"Uṣūl, Recht, ʿAqīdah & Manhaj",Furūʿ,Furuu-,furuːʕ,extended
"Uṣūl, Recht, ʿAqīdah & Manhaj",ʿIllah,-Illah,ʕillah,extended
"Uṣūl, Recht, ʿAqīdah & Manhaj",Sabab,Sabab,sabab,extended
"Uṣūl, Recht, ʿAqīdah & Manhaj",Šarṭ,Schart,ʃartˤ,extended
"Uṣūl, Recht, ʿAqīdah & Manhaj",Māniʿ,Maani-,maːniʕ,extended
"Uṣūl, Recht, ʿAqīdah & Manhaj",ʿAzīmah,-Aziimah,ʕaziːmah,extended
"Uṣūl, Recht, ʿAqīdah & Manhaj",Rukhṣah,Rukhsah,ruxsˤah,extended
"Uṣūl, Recht, ʿAqīdah & Manhaj",Istiwaʾ,Istiwa-,istiwaʔ,extended
"Uṣūl, Recht, ʿAqīdah & Manhaj",Istiwa,Istiwa,istiwa,extended
"Uṣūl, Recht, ʿAqīdah & Manhaj",ʿUluw,-Uluw,ʕuluw,extended
"Uṣūl, Recht, ʿAqīdah & Manhaj",Kalāmullāh,Kalaamullaah,kalaːmullaːh,extended
"Uṣūl, Recht, ʿAqīdah & Manhaj",Kalām Allāh,Kalaam Allaah,kalaːm allaːh,extended
"Uṣūl, Recht, ʿAqīdah & Manhaj",Ṣifāt,Sifaat,sˤifaːt,extended
"Uṣūl, Recht, ʿAqīdah & Manhaj",Asmāʾ,Asmaa-,asmaːʔ,extended
"Uṣūl, Recht, ʿAqīdah & Manhaj",Qaḍāʾ wa-qadar,Qadaa wa-qadar,qadˤaːʔ wa.qadar,extended
"Uṣūl, Recht, ʿAqīdah & Manhaj",Ruʾyat Allāh,Ru-yat Allaah,ruʔjat allaːh,extended
"Uṣūl, Recht, ʿAqīdah & Manhaj",Walāʾ wa-l-barāʾ,Walaa wa-l-baraa-,walaːʔ wa.l.baraːʔ,extended
"Uṣūl, Recht, ʿAqīdah & Manhaj",al-Walāʾ wa-l-Barāʾ,al-Walaa wa-l-Baraa-,al.walaːʔ wa.l.baraːʔ,extended
"Uṣūl, Recht, ʿAqīdah & Manhaj",al-Īmān yazīdu wa-yanquṣ,al-Iimaan yaziidu wa-yanqus,al.iːmaːn jaziːdu wa.janqusˤ,extended
"Uṣūl, Recht, ʿAqīdah & Manhaj",Khawāriǧ,Khawaaridsch,xawaːrid͡ʒ,extended
"Uṣūl, Recht, ʿAqīdah & Manhaj",Murǧiʾah,Murdschi-ah,murd͡ʒiʔah,extended
"Uṣūl, Recht, ʿAqīdah & Manhaj",Muʿtazilah,Mu-tazilah,muʕtazilah,extended
"Uṣūl, Recht, ʿAqīdah & Manhaj",Ǧahmiyyah,Dschahmiyyah,d͡ʒahmijjah,extended
"Uṣūl, Recht, ʿAqīdah & Manhaj",Qadariyyah,Qadariyyah,qadarijjah,extended
"Uṣūl, Recht, ʿAqīdah & Manhaj",Jabriyyah,Jabriyyah,d͡ʒabrijjah,extended
"Uṣūl, Recht, ʿAqīdah & Manhaj",Rāfiḍah,Raafidah,raːfidˤah,extended
"Uṣūl, Recht, ʿAqīdah & Manhaj",Šīʿah,Schii-ah,ʃiːʕah,extended
"Uṣūl, Recht, ʿAqīdah & Manhaj",Ṣūfiyyah,Suufiyyah,sˤuːfijjah,extended
"Uṣūl, Recht, ʿAqīdah & Manhaj",Ašʿariyyah,Asch-ariyyah,aʃʕarijjah,extended
"Uṣūl, Recht, ʿAqīdah & Manhaj",Māturīdiyyah,Maaturiidiyyah,maːturiːdijjah,extended
"Uṣūl, Recht, ʿAqīdah & Manhaj",Ḥanafī,Hanafii,ħanafiː,extended
"Uṣūl, Recht, ʿAqīdah & Manhaj",Mālikī,Maalikii,maːlikiː,extended
"Uṣūl, Recht, ʿAqīdah & Manhaj",Šāfiʿī,Schaafi-ii,ʃaːfiʕiː,extended
"Uṣūl, Recht, ʿAqīdah & Manhaj",Ḥanbalī,Hanbalii,ħanbaliː,extended
"Uṣūl, Recht, ʿAqīdah & Manhaj",Madhhab,Madhhab,maðhab,extended
"Uṣūl, Recht, ʿAqīdah & Manhaj",Maḏhab,Madhhab,maðhab,extended
"Uṣūl, Recht, ʿAqīdah & Manhaj",Dār al-Islām,Daar al-Islaam,daːr al.islaːm,extended
"Uṣūl, Recht, ʿAqīdah & Manhaj",Dār al-Kufr,Daar al-Kufr,daːr al.kufr,extended
"Uṣūl, Recht, ʿAqīdah & Manhaj",Dār al-Ḥarb,Daar al-Harb,daːr al.ħarb,extended
"Uṣūl, Recht, ʿAqīdah & Manhaj",Dār ar-Riddah,Daar ar-Riddah,daːr ar.riddah,extended
"Uṣūl, Recht, ʿAqīdah & Manhaj",Hiǧrah,Hidschrah,hid͡ʒrah,extended
"Uṣūl, Recht, ʿAqīdah & Manhaj",Hijrah,Hidschrah,hijrah,extended
"Uṣūl, Recht, ʿAqīdah & Manhaj",Ǧihād,Dschihaad,d͡ʒihaːd,extended
"Uṣūl, Recht, ʿAqīdah & Manhaj",Jihād,Dschihaad,d͡ʒihaːd,extended
"Uṣūl, Recht, ʿAqīdah & Manhaj",Amr bi-l-maʿrūf,Amr bi-l-ma-ruuf,amr bi.l.maʕruːf,extended
"Uṣūl, Recht, ʿAqīdah & Manhaj",Nahy ʿan al-munkar,Nahy an al-munkar,nahj ʕan al.munkar,extended
"Uṣūl, Recht, ʿAqīdah & Manhaj",Daʿwah,Da-uah,daʕwah,extended
"Uṣūl, Recht, ʿAqīdah & Manhaj",Dāʿī,Daa-ii,daːʕiː,extended
"Uṣūl, Recht, ʿAqīdah & Manhaj",Duʿāt,Du-aat,duʕaːt,extended
"Uṣūl, Recht, ʿAqīdah & Manhaj",Ghayrah,Ghayrah,ɣajrah,extended
"Uṣūl, Recht, ʿAqīdah & Manhaj",Ġayrah,Ghayrah,ɣajrah,extended
"Uṣūl, Recht, ʿAqīdah & Manhaj",Ḥayāʾ,Hayaa-,ħajaːʔ,extended
"Uṣūl, Recht, ʿAqīdah & Manhaj",Adab,Adab,adab,extended
"Uṣūl, Recht, ʿAqīdah & Manhaj",Akhlāq,Akhlaaq,axlaːq,extended
"Herzenshandlungen, Duʿāʾ & Spiritualität",Duʿāʾ,Du-aa,duʕaːʔ,extended
"Herzenshandlungen, Duʿāʾ & Spiritualität",Ḏikr,Dhikr,ðikr,extended
"Herzenshandlungen, Duʿāʾ & Spiritualität",Dhikr,Dhikr,ðikr,extended
"Herzenshandlungen, Duʿāʾ & Spiritualität",Istighfār,Istighfaar,istiɣfaːr,extended
"Herzenshandlungen, Duʿāʾ & Spiritualität",Tawbah,Tawbah,tawbah,extended
"Herzenshandlungen, Duʿāʾ & Spiritualität",Taqwā,Taqwaa,taqwaː,extended
"Herzenshandlungen, Duʿāʾ & Spiritualität",Tawakkul,Tawakkul,tawakkul,extended
"Herzenshandlungen, Duʿāʾ & Spiritualität",Ṣabr,Sabr,sˤabr,extended
"Herzenshandlungen, Duʿāʾ & Spiritualität",Šukr,Schukr,ʃukr,extended
"Herzenshandlungen, Duʿāʾ & Spiritualität",Ikhlāṣ,Ikhlaas,ixlaːsˤ,extended
"Herzenshandlungen, Duʿāʾ & Spiritualität",Niyyah,Niyyah,nijjah,extended
"Herzenshandlungen, Duʿāʾ & Spiritualität",Khawf,Khawf,xawf,extended
"Herzenshandlungen, Duʿāʾ & Spiritualität",Raǧāʾ,Radschaa-,rad͡ʒaːʔ,extended
"Herzenshandlungen, Duʿāʾ & Spiritualität",Rajāʾ,Rajaa-,rajaːʔ,extended
"Herzenshandlungen, Duʿāʾ & Spiritualität",Maḥabbah,Mahabbah,maħabbah,extended
"Herzenshandlungen, Duʿāʾ & Spiritualität",Khuḍūʿ,Khuduu-,xudˤuːʕ,extended
"Herzenshandlungen, Duʿāʾ & Spiritualität",Inābah,Inaabah,inaːbah,extended
"Herzenshandlungen, Duʿāʾ & Spiritualität",Istiʿānah,Isti-aanah,istiʕaːnah,extended
"Herzenshandlungen, Duʿāʾ & Spiritualität",Istiʿāḏah,Isti-aadhah,istiʕaːðah,extended
"Herzenshandlungen, Duʿāʾ & Spiritualität",Istiġāṯah,Istighaathah,istiɣaːθah,extended
"Herzenshandlungen, Duʿāʾ & Spiritualität",Tawassul,Tawassul,tawassul,extended
"Herzenshandlungen, Duʿāʾ & Spiritualität",Barakah,Barakah,barakah,extended
"Herzenshandlungen, Duʿāʾ & Spiritualität",Niʿmah,Ni-mah,niʕmah,extended
"Herzenshandlungen, Duʿāʾ & Spiritualität",Riḍā,Ridaa,ridˤaː,extended
"Herzenshandlungen, Duʿāʾ & Spiritualität",Zuhd,Zuhd,zuhd,extended
"Herzenshandlungen, Duʿāʾ & Spiritualität",Waraʿ,Wara-,waraʕ,extended
"Herzenshandlungen, Duʿāʾ & Spiritualität",Yaqīn,Yaqiin,jaqiːn,extended
"Herzenshandlungen, Duʿāʾ & Spiritualität",Ḥusn aẓ-ẓann,Husn az-zann,ħusn aðˤ.ðˤann,extended
"Herzenshandlungen, Duʿāʾ & Spiritualität",Sūʾ aẓ-ẓann,Suu az-zann,suːʔ aðˤ.ðˤann,extended
"Herzenshandlungen, Duʿāʾ & Spiritualität",Ṣidq,Sidq,sˤidq,extended
"Herzenshandlungen, Duʿāʾ & Spiritualität",Amānah,Amaanah,amaːnah,extended
"Herzenshandlungen, Duʿāʾ & Spiritualität",Ḥilm,Hilm,ħilm,extended
"Herzenshandlungen, Duʿāʾ & Spiritualität",Raḥmah,Rahmah,raħmah,extended
"Herzenshandlungen, Duʿāʾ & Spiritualität",Ghaḍab,Ghadab,ɣadˤab,extended
"Herzenshandlungen, Duʿāʾ & Spiritualität",Ġaḍab,Ghadab,ɣadˤab,extended
"Herzenshandlungen, Duʿāʾ & Spiritualität",Kibr,Kibr,kibr,extended
"Herzenshandlungen, Duʿāʾ & Spiritualität",ʿUjb,-Ujb,ʕujb,extended
"Herzenshandlungen, Duʿāʾ & Spiritualität",Riyāʾ,Riyaa-,rijaːʔ,extended
"Herzenshandlungen, Duʿāʾ & Spiritualität",Ḥasad,Hasad,ħasad,extended
"Herzenshandlungen, Duʿāʾ & Spiritualität",Ghibah,Ghibah,ɣibah,extended
"Herzenshandlungen, Duʿāʾ & Spiritualität",Ġībah,Ghiibah,ɣiːbah,extended
"Herzenshandlungen, Duʿāʾ & Spiritualität",Namīmah,Namiimah,namiːmah,extended
"Herzenshandlungen, Duʿāʾ & Spiritualität",Fitnah,Fitnah,fitnah,extended
"Herzenshandlungen, Duʿāʾ & Spiritualität",Fitan,Fitan,fitan,extended
"Herzenshandlungen, Duʿāʾ & Spiritualität",Ṣilah ar-raḥim,Silah ar-rahim,sˤilah ar.raħim,extended
"Herzenshandlungen, Duʿāʾ & Spiritualität",Birr al-wālidayn,Birr al-waalidayn,birr al.waːlidajn,extended
"Orte, Geschichte & Zeit",Makkah,Makkah,makkah,extended
"Orte, Geschichte & Zeit",Makkah al-Mukarramah,Makkah al-Mukarramah,makkah al.mukarramah,extended
"Orte, Geschichte & Zeit",Madinah,Madinah,madinah,extended
"Orte, Geschichte & Zeit",al-Madīnah,al-Madiinah,al.madiːnah,extended
"Orte, Geschichte & Zeit",al-Madīnah al-Munawwarah,al-Madiinah al-Munawwarah,al.madiːnah al.munawwarah,extended
"Orte, Geschichte & Zeit",Kaʿbah,Ka-bah,kaʕbah,extended
"Orte, Geschichte & Zeit",al-Kaʿbah,al-Ka-bah,al.kaʕbah,extended
"Orte, Geschichte & Zeit",al-Masǧid al-Ḥarām,al-Masdschid al-Haraam,al.masd͡ʒid al.ħaraːm,extended
"Orte, Geschichte & Zeit",al-Masǧid an-Nabawī,al-Masdschid an-Nabawii,al.masd͡ʒid an.nabawiː,extended
"Orte, Geschichte & Zeit",Masǧid Qubāʾ,Masdschid Qubaa-,masd͡ʒid qubaːʔ,extended
"Orte, Geschichte & Zeit",Bayt al-Maqdis,Bayt al-Maqdis,bajt al.maqdis,extended
"Orte, Geschichte & Zeit",al-Quds,al-Quds,al.quds,extended
"Orte, Geschichte & Zeit",Mina,Mina,mina,extended
"Orte, Geschichte & Zeit",ʿArafāt,-Arafaat,ʕarafaːt,extended
"Orte, Geschichte & Zeit",Zamzam,Zamzam,zamzam,extended
"Orte, Geschichte & Zeit",Ḥiǧāz,Hidschaaz,ħid͡ʒaːz,extended
"Orte, Geschichte & Zeit",Najd,Najd,najd,extended
"Orte, Geschichte & Zeit",Yaman,Yaman,jaman,extended
"Orte, Geschichte & Zeit",aš-Šām,asch-Schaam,aʃ.ʃaːm,extended
"Orte, Geschichte & Zeit",Dimashq,Dimashq,dimaʃq,extended
"Orte, Geschichte & Zeit",Baghdād,Baghdaad,baɣdaːd,extended
"Orte, Geschichte & Zeit",Baṣrah,Basrah,basˤrah,extended
"Orte, Geschichte & Zeit",Kūfah,Kuufah,kuːfah,extended
"Orte, Geschichte & Zeit",Miṣr,Misr,misˤr,extended
"Orte, Geschichte & Zeit",Badr,Badr,badr,extended
"Orte, Geschichte & Zeit",Uḥud,Uhud,uħud,extended
"Orte, Geschichte & Zeit",Khandaq,Khandaq,xandaq,extended
"Orte, Geschichte & Zeit",Ḥudaybiyyah,Hudaybiyyah,ħudajbijjah,extended
"Orte, Geschichte & Zeit",Khaybar,Khaybar,xajbar,extended
"Orte, Geschichte & Zeit",Ḥunayn,Hunayn,ħunajn,extended
"Orte, Geschichte & Zeit",Ṭāʾif,Taa-if,tˤaːʔif,extended
"Orte, Geschichte & Zeit",Tabūk,Tabuuk,tabuːk,extended
"Orte, Geschichte & Zeit",Muʾtah,Mu-tah,muʔtah,extended
"Orte, Geschichte & Zeit",Yarmūk,Yarmuuk,jarmuːk,extended
"Orte, Geschichte & Zeit",Qādisiyyah,Qaadisiyyah,qaːdisijjah,extended
"Orte, Geschichte & Zeit",Karbalaʾ,Karbala-,karbalaʔ,extended
"Orte, Geschichte & Zeit",Muḥarram,Muharram,muħarram,extended
"Orte, Geschichte & Zeit",Ṣafar,Safar,sˤafar,extended
"Orte, Geschichte & Zeit",Rabīʿ al-awwal,Rabii al-awwal,rabiːʕ al.awwal,extended
"Orte, Geschichte & Zeit",Rabīʿ al-ākhir,Rabii al-aakhir,rabiːʕ al.aːxir,extended
"Orte, Geschichte & Zeit",Rabīʿ aṯ-ṯānī,Rabii ath-thaanii,rabiːʕ aθ.θaːniː,extended
"Orte, Geschichte & Zeit",Ǧumādā al-ūlā,Dschumaadaa al-uulaa,d͡ʒumaːdaː al.uːlaː,extended
"Orte, Geschichte & Zeit",Ǧumādā al-ākhirah,Dschumaadaa al-aakhirah,d͡ʒumaːdaː al.aːxirah,extended
"Orte, Geschichte & Zeit",Raǧab,Radschab,rad͡ʒab,extended
"Orte, Geschichte & Zeit",Šaʿbān,Scha-baan,ʃaʕbaːn,extended
"Orte, Geschichte & Zeit",Šawwāl,Schawwaal,ʃawwaːl,extended
"Orte, Geschichte & Zeit",Ḏū al-Qaʿdah,Dhuu al-Qa-dah,ðuː al.qaʕdah,extended
"Orte, Geschichte & Zeit",Ḏū al-Ḥiǧǧah,Dhuu al-Hidschdschah,ðuː al.ħid͡ʒd͡ʒah,extended
"Orte, Geschichte & Zeit",ʿĀšūrāʾ,-Aaschuuraa-,ʕaːʃuːraːʔ,extended
"Orte, Geschichte & Zeit",ʿĪd al-Fiṭr,-Iid al-Fitr,ʕiːd al.fitˤr,extended
"Orte, Geschichte & Zeit",ʿĪd al-Aḍḥā,-Iid al-Adhaa,ʕiːd al.adˤħaː,extended
"Orte, Geschichte & Zeit",Hiǧrī,Hidschrii,hid͡ʒriː,extended
"Orte, Geschichte & Zeit",Hijrī,Hijrii,hijriː,extended
Bücher & Sammlungen,Ṣaḥīḥ al-Bukhārī,Sahiih al-Bukhaarii,sˤaħiːħ al.buxaːriː,extended
Bücher & Sammlungen,Ṣaḥīḥ Muslim,Sahiih Muslim,sˤaħiːħ muslim,extended
Bücher & Sammlungen,Sunan Abī Dāwūd,Sunan Abii Daawuud,sunan abiː daːwuːd,extended
Bücher & Sammlungen,Ǧāmiʿ at-Tirmiḏī,Dschaami at-Tirmidhii,d͡ʒaːmiʕ at.tirmiðiː,extended
Bücher & Sammlungen,Sunan an-Nasāʾī,Sunan an-Nasaa-ii,sunan an.nasaːʔiː,extended
Bücher & Sammlungen,Sunan Ibn Māǧah,Sunan Ibn Maadschah,sunan ibn maːd͡ʒah,extended
Bücher & Sammlungen,Musnad Aḥmad,Musnad Ahmad,musnad aħmad,extended
Bücher & Sammlungen,Sunan ad-Dārimī,Sunan ad-Daarimii,sunan ad.daːrimiː,extended
Bücher & Sammlungen,al-Muwaṭṭaʾ,al-Muwatta-,al.muwatˤtˤaʔ,extended
Bücher & Sammlungen,Muwaṭṭaʾ Mālik,Muwatta Maalik,muwatˤtˤaʔ maːlik,extended
Bücher & Sammlungen,Ṣaḥīḥ Ibn Khuzaymah,Sahiih Ibn Khuzaymah,sˤaħiːħ ibn xuzajmah,extended
Bücher & Sammlungen,Ṣaḥīḥ Ibn Ḥibbān,Sahiih Ibn Hibbaan,sˤaħiːħ ibn ħibbaːn,extended
Bücher & Sammlungen,Muṣannaf Ibn Abī Šaybah,Musannaf Ibn Abii Schaybah,musˤannaf ibn abiː ʃajbah,extended
Bücher & Sammlungen,Muṣannaf ʿAbd ar-Razzāq,Musannaf Abd ar-Razzaaq,musˤannaf ʕabd ar.razzaːq,extended
Bücher & Sammlungen,Tafsīr aṭ-Ṭabarī,Tafsiir at-Tabarii,tafsiːr atˤ.tˤabariː,extended
Bücher & Sammlungen,Tafsīr Ibn Kaṯīr,Tafsiir Ibn Kathiir,tafsiːr ibn kaθiːr,extended
Bücher & Sammlungen,Tafsīr al-Qurṭubī,Tafsiir al-Qurtubii,tafsiːr al.qurtˤubiː,extended
Bücher & Sammlungen,Tafsīr al-Baġawī,Tafsiir al-Baghawii,tafsiːr al.baɣawiː,extended
Bücher & Sammlungen,Fatḥ al-Bārī,Fath al-Baarii,fatħ al.baːriː,extended
Bücher & Sammlungen,Šarḥ Ṣaḥīḥ Muslim,Scharh Sahiih Muslim,ʃarħ sˤaħiːħ muslim,extended
Bücher & Sammlungen,Riyāḍ aṣ-Ṣāliḥīn,Riyaad as-Saalihiin,rijaːdˤ asˤ.sˤaːliħiːn,extended
Bücher & Sammlungen,Bulūġ al-Marām,Buluugh al-Maraam,buluːɣ al.maraːm,extended
Bücher & Sammlungen,al-Adab al-Mufrad,al-Adab al-Mufrad,al.adab al.mufrad,extended
Bücher & Sammlungen,al-ʿAqīdah al-Wāsiṭiyyah,al-Aqiidah al-Waasitiyyah,al.ʕaqiːdah al.waːsitˤijjah,extended
Bücher & Sammlungen,al-ʿAqīdah aṭ-Ṭaḥāwiyyah,al-Aqiidah at-Tahaawiyyah,al.ʕaqiːdah atˤ.tˤaħaːwijjah,extended
Bücher & Sammlungen,aš-Šarīʿah,asch-Scharii-ah,aʃ.ʃariːʕah,extended
Bücher & Sammlungen,as-Sunnah,as-Sunnah,as.sunnah,extended
Bücher & Sammlungen,Uṣūl as-Sunnah,Usuul as-Sunnah,usˤuːl as.sunnah,extended
Bücher & Sammlungen,Šarḥ Uṣūl Iʿtiqād Ahl as-Sunnah,Scharh Usuul I-tiqaad Ahl as-Sunnah,ʃarħ usˤuːl iʕtiqaːd ahl as.sunnah,extended
Bücher & Sammlungen,al-Ibānah,al-Ibaanah,al.ibaːnah,extended
Bücher & Sammlungen,Kitāb at-Tawḥīd,Kitaab at-Tawhiid,kitaːb at.tawħiːd,extended
Bücher & Sammlungen,Kitāb al-Īmān,Kitaab al-Iimaan,kitaːb al.iːmaːn,extended
Bücher & Sammlungen,Kitāb as-Sunnah,Kitaab as-Sunnah,kitaːb as.sunnah,extended
Bücher & Sammlungen,Majmūʿ al-Fatāwā,Majmuu al-Fataawaa,majmuːʕ al.fataːwaː,extended
Bücher & Sammlungen,Zād al-Maʿād,Zaad al-Ma-aad,zaːd al.maʕaːd,extended
Bücher & Sammlungen,Iʿlām al-Muwaqqiʿīn,I-laam al-Muwaqqi-iin,iʕlaːm al.muwaqqiʕiːn,extended
Bücher & Sammlungen,Madāriǧ as-Sālikīn,Madaaridsch as-Saalikiin,madaːrid͡ʒ as.saːlikiːn,extended
Bücher & Sammlungen,al-Bidāyah wa-n-Nihāyah,al-Bidaayah wa-n-Nihaayah,al.bidaːjah wa.n.nihaːjah,extended
Bücher & Sammlungen,Siyar Aʿlām an-Nubalāʾ,Siyar A-laam an-Nubalaa-,sijar aʕlaːm an.nubalaːʔ,extended
Bücher & Sammlungen,Tahḏīb al-Kamāl,Tahdhiib al-Kamaal,tahðiːb al.kamaːl,extended
Bücher & Sammlungen,Tahḏīb at-Tahḏīb,Tahdhiib at-Tahdhiib,tahðiːb at.tahðiːb,extended
Bücher & Sammlungen,Lisān al-Mīzān,Lisaan al-Miizaan,lisaːn al.miːzaːn,extended
Bücher & Sammlungen,al-Muġnī,al-Mughnii,al.muɣniː,extended
Bücher & Sammlungen,al-Majmūʿ,al-Majmuu-,al.majmuːʕ,extended
Bücher & Sammlungen,al-Mabsūṭ,al-Mabsuut,al.mabsuːtˤ,extended
Bücher & Sammlungen,Badāʾiʿ aṣ-Ṣanāʾiʿ,Badaa-i as-Sanaa-i-,badaːʔiʕ asˤ.sˤanaːʔiʕ,extended
Bücher & Sammlungen,Bidāyat al-Mujtahid,Bidaayat al-Mujtahid,bidaːjat al.mujtahid,extended
Bücher & Sammlungen,al-Mudawwanah,al-Mudawwanah,al.mudawwanah,extended
Bücher & Sammlungen,al-Umm,al-Umm,al.umm,extended
"Allah, Lobpreisungen & Grußformeln",الله,Allaah,ʔalˈlaːh,core
"Allah, Lobpreisungen & Grußformeln",ﷺ,Sallallaahu alaihi wa sallam,sˤalˈlaː lˈlaːhu ʕaˈlajhi waˈsallam,core
"Allah, Lobpreisungen & Grußformeln",عليه السلام,Alaihis-Salaam,ʕaˈlajhis.saˈlaːm,core
"Allah, Lobpreisungen & Grußformeln",عليها السلام,Alaihas-Salaam,ʕaˈlajhaːs.saˈlaːm,core
"Allah, Lobpreisungen & Grußformeln",عليهما السلام,Alaihimas-Salaam,ʕaˈlajhimaːs.saˈlaːm,core
"Allah, Lobpreisungen & Grußformeln",رضي الله عنه,Radiyallaahu anhu,radˤi.jalˈlaːhu ʕanhu,core
"Allah, Lobpreisungen & Grußformeln",رضي الله عنها,Radiyallaahu anhaa,radˤi.jalˈlaːhu ʕanhaː,core
"Allah, Lobpreisungen & Grußformeln",رضي الله عنهما,Radiyallaahu anhumaa,radˤi.jalˈlaːhu ʕanhumaː,core
"Allah, Lobpreisungen & Grußformeln",رضي الله عنهم,Radiyallaahu anhum,radˤi.jalˈlaːhu ʕanhum,core
"Allah, Lobpreisungen & Grußformeln",رحمه الله,Rahimahullaah,raħimahulˈlaːh,core
"Allah, Lobpreisungen & Grußformeln",بسم الله,Bismillaah,bismilˈlaːh,core
"Allah, Lobpreisungen & Grußformeln",الحمد لله,Alhamdulillaah,alħamdu lilˈlaːh,core
"Allah, Lobpreisungen & Grußformeln",سبحان الله,Subhaanallaah,subħaːnalˈlaːh,core
"Allah, Lobpreisungen & Grußformeln",الله أكبر,Allaahu Akbar,alˈlaːhu ʔakbar,core
"Allah, Lobpreisungen & Grußformeln",لا إله إلا الله,Laa ilaaha illallaah,laː ʔilaːha ʔilˈlaː lˈlaːh,core
"Ṣaḥābah, Ahl al-Bayt & frühe Generationen",Ṣaḥābah,Sahaaba,sˤaˈħaːba,core
