category,canonical,string_to_replace,alias,ipa,priority
Branding & Grundbegriffe,DĀR AL TAWḤĪD,DĀR AL TAWḤĪD,Daar at-Tauhiid,daːr at.tawˈħiːd,core
Branding & Grundbegriffe,DĀR AL TAWḤĪD,DAR AL TAWHID,Daar at-Tauhiid,daːr at.tawˈħiːd,core
Branding & Grundbegriffe,DĀR AL TAWḤĪD,dār al tawḥīd,Daar at-Tauhiid,daːr at.tawˈħiːd,core
Branding & Grundbegriffe,DĀR AL TAWḤĪD,dar al tawhid,Daar at-Tauhiid,daːr at.tawˈħiːd,core
Branding & Grundbegriffe,Dār al-Tawḥīd,Dār al-Tawḥīd,Daar at-Tauhiid,daːr at.tawˈħiːd,core
Branding & Grundbegriffe,Dār al-Tawḥīd,Dar al-Tawhid,Daar at-Tauhiid,daːr at.tawˈħiːd,core
Branding & Grundbegriffe,Dār al-Tawḥīd,dār al-tawḥīd,Daar at-Tauhiid,daːr at.tawˈħiːd,core
Branding & Grundbegriffe,Dār al-Tawḥīd,dar al-tawhid,Daar at-Tauhiid,daːr at.tawˈħiːd,core
Branding & Grundbegriffe,Tawḥīd,Tawḥīd,Tauhiid,tawˈħiːd,core
Branding & Grundbegriffe,Tawḥīd,Tawhid,Tauhiid,tawˈħiːd,core
Branding & Grundbegriffe,Tawḥīd,tawḥīd,Tauhiid,tawˈħiːd,core
Branding & Grundbegriffe,Tawḥīd,tawhid,Tauhiid,tawˈħiːd,core
Branding & Grundbegriffe,ʿAqīdah,ʿAqīdah,A-qiidah,ʕaˈqiːda,core
Branding & Grundbegriffe,ʿAqīdah,'Aqidah,A-qiidah,ʕaˈqiːda,core
Branding & Grundbegriffe,ʿAqīdah,Aqidah,A-qiidah,ʕaˈqiːda,core
Branding & Grundbegriffe,ʿAqīdah,ʿaqīdah,A-qiidah,ʕaˈqiːda,core
Branding & Grundbegriffe,ʿAqīdah,'aqidah,A-qiidah,ʕaˈqiːda,core
Branding & Grundbegriffe,ʿAqīdah,aqidah,A-qiidah,ʕaˈqiːda,core
Branding & Grundbegriffe,Islām,Islām,Islaam,islaːm,core
Branding & Grundbegriffe,Islām,Islam,Islaam,islaːm,core
Branding & Grundbegriffe,Islām,islām,Islaam,islaːm,core
Branding & Grundbegriffe,Islām,islam,Islaam,islaːm,core
Branding & Grundbegriffe,Muslim,Muslim,Muslim,muslim,core
Branding & Grundbegriffe,Muslim,muslim,Muslim,muslim,core
Branding & Grundbegriffe,Muslimah,Muslimah,Muslimah,muslimah,core
Branding & Grundbegriffe,Muslimah,muslimah,Muslimah,muslimah,core
Branding & Grundbegriffe,Muslimūn,Muslimūn,Muslimuun,muslimuːn,core
Branding & Grundbegriffe,Muslimūn,Muslimun,Muslimuun,muslimuːn,core
Branding & Grundbegriffe,Muslimūn,muslimūn,Muslimuun,muslimuːn,core
Branding & Grundbegriffe,Muslimūn,muslimun,Muslimuun,muslimuːn,core
Branding & Grundbegriffe,Muʾmin,Muʾmin,Mu-min,muʔmin,core
Branding & Grundbegriffe,Muʾmin,Mu'min,Mu-min,muʔmin,core
Branding & Grundbegriffe,Muʾmin,Mumin,Mu-min,muʔmin,core
Branding & Grundbegriffe,Muʾmin,muʾmin,Mu-min,muʔmin,core
Branding & Grundbegriffe,Muʾmin,mu'min,Mu-min,muʔmin,core
Branding & Grundbegriffe,Muʾmin,mumin,Mu-min,muʔmin,core
Branding & Grundbegriffe,Muʾminah,Muʾminah,Mu-minah,muʔminah,core
Branding & Grundbegriffe,Muʾminah,Mu'minah,Mu-minah,muʔminah,core
Branding & Grundbegriffe,Muʾminah,Muminah,Mu-minah,muʔminah,core
Branding & Grundbegriffe,Muʾminah,muʾminah,Mu-minah,muʔminah,core
Branding & Grundbegriffe,Muʾminah,mu'minah,Mu-minah,muʔminah,core
Branding & Grundbegriffe,Muʾminah,muminah,Mu-minah,muʔminah,core
Branding & Grundbegriffe,Muʾminūn,Muʾminūn,Mu-minuun,muʔminuːn,core
Branding & Grundbegriffe,Muʾminūn,Mu'minun,Mu-minuun,muʔminuːn,core
Branding & Grundbegriffe,Muʾminūn,Muminun,Mu-minuun,muʔminuːn,core
Branding & Grundbegriffe,Muʾminūn,muʾminūn,Mu-minuun,muʔminuːn,core
Branding & Grundbegriffe,Muʾminūn,mu'minun,Mu-minuun,muʔminuːn,core
Branding & Grundbegriffe,Muʾminūn,muminun,Mu-minuun,muʔminuːn,core
Branding & Grundbegriffe,Īmān,Īmān,Iimaan,iːmaːn,core
Branding & Grundbegriffe,Īmān,Iman,Iimaan,iːmaːn,core
Branding & Grundbegriffe,Īmān,īmān,Iimaan,iːmaːn,core
Branding & Grundbegriffe,Īmān,iman,Iimaan,iːmaːn,core
Branding & Grundbegriffe,Iḥsān,Iḥsān,Ihsaan,iħsaːn,core
Branding & Grundbegriffe,Iḥsān,Ihsan,Ihsaan,iħsaːn,core
Branding & Grundbegriffe,Iḥsān,iḥsān,Ihsaan,iħsaːn,core
Branding & Grundbegriffe,Iḥsān,ihsan,Ihsaan,iħsaːn,core
Branding & Grundbegriffe,Dīn,Dīn,Diin,diːn,core
Branding & Grundbegriffe,Dīn,Din,Diin,diːn,core
Branding & Grundbegriffe,Dīn,dīn,Diin,diːn,core
Branding & Grundbegriffe,Dīn,din,Diin,diːn,core
Branding & Grundbegriffe,Millah,Millah,Millah,millah,core
Branding & Grundbegriffe,Millah,millah,Millah,millah,core
Branding & Grundbegriffe,Ummah,Ummah,Ummah,ummah,core
Branding & Grundbegriffe,Ummah,ummah,Ummah,ummah,core
Branding & Grundbegriffe,Šarīʿah,Šarīʿah,Scharii-ah,ʃariːʕah,core
Branding & Grundbegriffe,Šarīʿah,Shari'ah,Scharii-ah,ʃariːʕah,core
Branding & Grundbegriffe,Šarīʿah,Shariah,Scharii-ah,ʃariːʕah,core
Branding & Grundbegriffe,Šarīʿah,šarīʿah,Scharii-ah,ʃariːʕah,core
Branding & Grundbegriffe,Šarīʿah,shari'ah,Scharii-ah,ʃariːʕah,core
Branding & Grundbegriffe,Šarīʿah,shariah,Scharii-ah,ʃariːʕah,core
Branding & Grundbegriffe,Manhaj,Manhaj,Manhaj,manhaj,core
Branding & Grundbegriffe,Manhaj,manhaj,Manhaj,manhaj,core
Branding & Grundbegriffe,Sunnah,Sunnah,Sunnah,sunnah,core
Branding & Grundbegriffe,Sunnah,sunnah,Sunnah,sunnah,core
Branding & Grundbegriffe,Bidʿah,Bidʿah,Bid-ah,bidʕah,core
Branding & Grundbegriffe,Bidʿah,Bid'ah,Bid-ah,bidʕah,core
Branding & Grundbegriffe,Bidʿah,Bidah,Bid-ah,bidʕah,core
Branding & Grundbegriffe,Bidʿah,bidʿah,Bid-ah,bidʕah,core
Branding & Grundbegriffe,Bidʿah,bid'ah,Bid-ah,bidʕah,core
Branding & Grundbegriffe,Bidʿah,bidah,Bid-ah,bidʕah,core
Branding & Grundbegriffe,Salaf,Salaf,Salaf,salaf,core
Branding & Grundbegriffe,Salaf,salaf,Salaf,salaf,core
Branding & Grundbegriffe,Khalaf,Khalaf,Khalaf,xalaf,core
Branding & Grundbegriffe,Khalaf,khalaf,Khalaf,xalaf,core
Branding & Grundbegriffe,Ahl as-Sunnah,Ahl as-Sunnah,Ahl as-Sunnah,ahl as.sunnah,core
Branding & Grundbegriffe,Ahl as-Sunnah,ahl as-sunnah,Ahl as-Sunnah,ahl as.sunnah,core
Branding & Grundbegriffe,Ahl as-Sunnah wa-l-Ǧamāʿah,Ahl as-Sunnah wa-l-Ǧamāʿah,Ahl as-Sunnah wa-l-Dschamaa-ah,ahl as.sunnah wa.l.d͡ʒamaːʕah,core
Branding & Grundbegriffe,Ahl as-Sunnah wa-l-Ǧamāʿah,Ahl as-Sunnah wa-l-Jama'ah,Ahl as-Sunnah wa-l-Dschamaa-ah,ahl as.sunnah wa.l.d͡ʒamaːʕah,core
Branding & Grundbegriffe,Ahl as-Sunnah wa-l-Ǧamāʿah,Ahl as-Sunnah wa-l-Jamaah,Ahl as-Sunnah wa-l-Dschamaa-ah,ahl as.sunnah wa.l.d͡ʒamaːʕah,core
Branding & Grundbegriffe,Ahl as-Sunnah wa-l-Ǧamāʿah,ahl as-sunnah wa-l-ǧamāʿah,Ahl as-Sunnah wa-l-Dschamaa-ah,ahl as.sunnah wa.l.d͡ʒamaːʕah,core
Branding & Grundbegriffe,Ahl as-Sunnah wa-l-Ǧamāʿah,ahl as-sunnah wa-l-jama'ah,Ahl as-Sunnah wa-l-Dschamaa-ah,ahl as.sunnah wa.l.d͡ʒamaːʕah,core
Branding & Grundbegriffe,Ahl as-Sunnah wa-l-Ǧamāʿah,ahl as-sunnah wa-l-jamaah,Ahl as-Sunnah wa-l-Dschamaa-ah,ahl as.sunnah wa.l.d͡ʒamaːʕah,core
Branding & Grundbegriffe,Ahl al-Ḥadīṯ,Ahl al-Ḥadīṯ,Ahl al-Hadiith,ahl al.ħadiːθ,core
Branding & Grundbegriffe,Ahl al-Ḥadīṯ,Ahl al-Hadith,Ahl al-Hadiith,ahl al.ħadiːθ,core
Branding & Grundbegriffe,Ahl al-Ḥadīṯ,ahl al-ḥadīṯ,Ahl al-Hadiith,ahl al.ħadiːθ,core
Branding & Grundbegriffe,Ahl al-Ḥadīṯ,ahl al-hadith,Ahl al-Hadiith,ahl al.ħadiːθ,core
Branding & Grundbegriffe,Ahl al-Aṯar,Ahl al-Aṯar,Ahl al-Athar,ahl al.aθar,core
Branding & Grundbegriffe,Ahl al-Aṯar,Ahl al-Athar,Ahl al-Athar,ahl al.aθar,core
Branding & Grundbegriffe,Ahl al-Aṯar,ahl al-aṯar,Ahl al-Athar,ahl al.aθar,core
Branding & Grundbegriffe,Ahl al-Aṯar,ahl al-athar,Ahl al-Athar,ahl al.aθar,core
Branding & Grundbegriffe,Ahl al-Bayt,Ahl al-Bayt,Ahl al-Bayt,ahl al.bajt,core
Branding & Grundbegriffe,Ahl al-Bayt,ahl al-bayt,Ahl al-Bayt,ahl al.bajt,core
Branding & Grundbegriffe,Tawḥīd ar-Rubūbiyyah,Tawḥīd ar-Rubūbiyyah,Tawhiid ar-Rubuubiyyah,tawħiːd ar.rubuːbijjah,core
Branding & Grundbegriffe,Tawḥīd ar-Rubūbiyyah,Tawhid ar-Rububiyyah,Tawhiid ar-Rubuubiyyah,tawħiːd ar.rubuːbijjah,core
Branding & Grundbegriffe,Tawḥīd ar-Rubūbiyyah,tawḥīd ar-rubūbiyyah,Tawhiid ar-Rubuubiyyah,tawħiːd ar.rubuːbijjah,core
Branding & Grundbegriffe,Tawḥīd ar-Rubūbiyyah,tawhid ar-rububiyyah,Tawhiid ar-Rubuubiyyah,tawħiːd ar.rubuːbijjah,core
Branding & Grundbegriffe,Tawḥīd al-Ulūhiyyah,Tawḥīd al-Ulūhiyyah,Tawhiid al-Uluuhiyyah,tawħiːd al.uluːhijjah,core
Branding & Grundbegriffe,Tawḥīd al-Ulūhiyyah,Tawhid al-Uluhiyyah,Tawhiid al-Uluuhiyyah,tawħiːd al.uluːhijjah,core
Branding & Grundbegriffe,Tawḥīd al-Ulūhiyyah,tawḥīd al-ulūhiyyah,Tawhiid al-Uluuhiyyah,tawħiːd al.uluːhijjah,core
Branding & Grundbegriffe,Tawḥīd al-Ulūhiyyah,tawhid al-uluhiyyah,Tawhiid al-Uluuhiyyah,tawħiːd al.uluːhijjah,core
Branding & Grundbegriffe,Tawḥīd al-Asmāʾ wa-ṣ-Ṣifāt,Tawḥīd al-Asmāʾ wa-ṣ-Ṣifāt,Tawhiid al-Asmaa wa-s-Sifaat,tawħiːd al.asmaːʔ wa.sˤ.sˤifaːt,core
Branding & Grundbegriffe,Tawḥīd al-Asmāʾ wa-ṣ-Ṣifāt,Tawhid al-Asma' wa-s-Sifat,Tawhiid al-Asmaa wa-s-Sifaat,tawħiːd al.asmaːʔ wa.sˤ.sˤifaːt,core
Branding & Grundbegriffe,Tawḥīd al-Asmāʾ wa-ṣ-Ṣifāt,Tawhid al-Asma wa-s-Sifat,Tawhiid al-Asmaa wa-s-Sifaat,tawħiːd al.asmaːʔ wa.sˤ.sˤifaːt,core
Branding & Grundbegriffe,Tawḥīd al-Asmāʾ wa-ṣ-Ṣifāt,tawḥīd al-asmāʾ wa-ṣ-ṣifāt,Tawhiid al-Asmaa wa-s-Sifaat,tawħiːd al.asmaːʔ wa.sˤ.sˤifaːt,core
Branding & Grundbegriffe,Tawḥīd al-Asmāʾ wa-ṣ-Ṣifāt,tawhid al-asma' wa-s-sifat,Tawhiid al-Asmaa wa-s-Sifaat,tawħiːd al.asmaːʔ wa.sˤ.sˤifaːt,core
Branding & Grundbegriffe,Tawḥīd al-Asmāʾ wa-ṣ-Ṣifāt,tawhid al-asma wa-s-sifat,Tawhiid al-Asmaa wa-s-Sifaat,tawħiːd al.asmaːʔ wa.sˤ.sˤifaːt,core
Branding & Grundbegriffe,Rubūbiyyah,Rubūbiyyah,Rubuubiyyah,rubuːbijjah,core
Branding & Grundbegriffe,Rubūbiyyah,Rububiyyah,Rubuubiyyah,rubuːbijjah,core
Branding & Grundbegriffe,Rubūbiyyah,rubūbiyyah,Rubuubiyyah,rubuːbijjah,core
Branding & Grundbegriffe,Rubūbiyyah,rububiyyah,Rubuubiyyah,rubuːbijjah,core
Branding & Grundbegriffe,Ulūhiyyah,Ulūhiyyah,Uluuhiyyah,uluːhijjah,core
Branding & Grundbegriffe,Ulūhiyyah,Uluhiyyah,Uluuhiyyah,uluːhijjah,core
Branding & Grundbegriffe,Ulūhiyyah,ulūhiyyah,Uluuhiyyah,uluːhijjah,core
Branding & Grundbegriffe,Ulūhiyyah,uluhiyyah,Uluuhiyyah,uluːhijjah,core
Branding & Grundbegriffe,Asmāʾ wa-Ṣifāt,Asmāʾ wa-Ṣifāt,Asmaa wa-Sifaat,asmaːʔ wa.sˤifaːt,core
Branding & Grundbegriffe,Asmāʾ wa-Ṣifāt,Asma' wa-Sifat,Asmaa wa-Sifaat,asmaːʔ wa.sˤifaːt,core
Branding & Grundbegriffe,Asmāʾ wa-Ṣifāt,Asma wa-Sifat,Asmaa wa-Sifaat,asmaːʔ wa.sˤifaːt,core
Branding & Grundbegriffe,Asmāʾ wa-Ṣifāt,asmāʾ wa-ṣifāt,Asmaa wa-Sifaat,asmaːʔ wa.sˤifaːt,core
Branding & Grundbegriffe,Asmāʾ wa-Ṣifāt,asma' wa-sifat,Asmaa wa-Sifaat,asmaːʔ wa.sˤifaːt,core
Branding & Grundbegriffe,Asmāʾ wa-Ṣifāt,asma wa-sifat,Asmaa wa-Sifaat,asmaːʔ wa.sˤifaːt,core
Branding & Grundbegriffe,Širk,Širk,Schirk,ʃirk,core
Branding & Grundbegriffe,Širk,Shirk,Schirk,ʃirk,core
Branding & Grundbegriffe,Širk,širk,Schirk,ʃirk,core
Branding & Grundbegriffe,Širk,shirk,Schirk,ʃirk,core
Branding & Grundbegriffe,Kufr,Kufr,Kufr,kufr,core
Branding & Grundbegriffe,Kufr,kufr,Kufr,kufr,core
Branding & Grundbegriffe,Nifāq,Nifāq,Nifaaq,nifaːq,core
Branding & Grundbegriffe,Nifāq,Nifaq,Nifaaq,nifaːq,core
Branding & Grundbegriffe,Nifāq,nifāq,Nifaaq,nifaːq,core
Branding & Grundbegriffe,Nifāq,nifaq,Nifaaq,nifaːq,core
Branding & Grundbegriffe,Riddah,Riddah,Riddah,riddah,core
Branding & Grundbegriffe,Riddah,riddah,Riddah,riddah,core
Branding & Grundbegriffe,Kāfir,Kāfir,Kaafir,kaːfir,core
Branding & Grundbegriffe,Kāfir,Kafir,Kaafir,kaːfir,core
Branding & Grundbegriffe,Kāfir,kāfir,Kaafir,kaːfir,core
Branding & Grundbegriffe,Kāfir,kafir,Kaafir,kaːfir,core
Branding & Grundbegriffe,Kuffār,Kuffār,Kuffaar,kuffaːr,core
Branding & Grundbegriffe,Kuffār,Kuffar,Kuffaar,kuffaːr,core
Branding & Grundbegriffe,Kuffār,kuffār,Kuffaar,kuffaːr,core
Branding & Grundbegriffe,Kuffār,kuffar,Kuffaar,kuffaːr,core
Branding & Grundbegriffe,Mušrik,Mušrik,Muschrik,muʃrik,core
Branding & Grundbegriffe,Mušrik,Mushrik,Muschrik,muʃrik,core
Branding & Grundbegriffe,Mušrik,mušrik,Muschrik,muʃrik,core
Branding & Grundbegriffe,Mušrik,mushrik,Muschrik,muʃrik,core
Branding & Grundbegriffe,Mušrikūn,Mušrikūn,Muschrikuun,muʃrikuːn,core
Branding & Grundbegriffe,Mušrikūn,Mushrikun,Muschrikuun,muʃrikuːn,core
Branding & Grundbegriffe,Mušrikūn,mušrikūn,Muschrikuun,muʃrikuːn,core
Branding & Grundbegriffe,Mušrikūn,mushrikun,Muschrikuun,muʃrikuːn,core
Branding & Grundbegriffe,Munāfiq,Munāfiq,Munaafiq,munaːfiq,core
Branding & Grundbegriffe,Munāfiq,Munafiq,Munaafiq,munaːfiq,core
Branding & Grundbegriffe,Munāfiq,munāfiq,Munaafiq,munaːfiq,core
Branding & Grundbegriffe,Munāfiq,munafiq,Munaafiq,munaːfiq,core
Branding & Grundbegriffe,Munāfiqūn,Munāfiqūn,Munaafiquun,munaːfiquːn,core
Branding & Grundbegriffe,Munāfiqūn,Munafiqun,Munaafiquun,munaːfiquːn,core
Branding & Grundbegriffe,Munāfiqūn,munāfiqūn,Munaafiquun,munaːfiquːn,core
Branding & Grundbegriffe,Munāfiqūn,munafiqun,Munaafiquun,munaːfiquːn,core
Branding & Grundbegriffe,Murtadd,Murtadd,Murtadd,murtadd,core
Branding & Grundbegriffe,Murtadd,murtadd,Murtadd,murtadd,core
Branding & Grundbegriffe,Ṭāġūt,Ṭāġūt,Taaghuut,tˤaːˈɣuːt,core
Branding & Grundbegriffe,Ṭāġūt,Taghut,Taaghuut,tˤaːˈɣuːt,core
Branding & Grundbegriffe,Ṭāġūt,ṭāġūt,Taaghuut,tˤaːˈɣuːt,core
Branding & Grundbegriffe,Ṭāġūt,taghut,Taaghuut,tˤaːˈɣuːt,core
Branding & Grundbegriffe,Takfīr,Takfīr,Takfiir,takfiːr,core
Branding & Grundbegriffe,Takfīr,Takfir,Takfiir,takfiːr,core
Branding & Grundbegriffe,Takfīr,takfīr,Takfiir,takfiːr,core
Branding & Grundbegriffe,Takfīr,takfir,Takfiir,takfiːr,core
Branding & Grundbegriffe,Takfīr al-muʿayyan,Takfīr al-muʿayyan,Takfiir al-mu-ayyan,takfiːr al.muʕajjan,core
Branding & Grundbegriffe,Takfīr al-muʿayyan,Takfir al-mu'ayyan,Takfiir al-mu-ayyan,takfiːr al.muʕajjan,core
Branding & Grundbegriffe,Takfīr al-muʿayyan,Takfir al-muayyan,Takfiir al-mu-ayyan,takfiːr al.muʕajjan,core
Branding & Grundbegriffe,Takfīr al-muʿayyan,takfīr al-muʿayyan,Takfiir al-mu-ayyan,takfiːr al.muʕajjan,core
Branding & Grundbegriffe,Takfīr al-muʿayyan,takfir al-mu'ayyan,Takfiir al-mu-ayyan,takfiːr al.muʕajjan,core
Branding & Grundbegriffe,Takfīr al-muʿayyan,takfir al-muayyan,Takfiir al-mu-ayyan,takfiːr al.muʕajjan,core
"Allah, Lobpreisungen & Grußformeln",Allāh,Allāh,Allaah,ʔalˈlaːh,core
"Allah, Lobpreisungen & Grußformeln",Allāh,Allah,Allaah,ʔalˈlaːh,core
"Allah, Lobpreisungen & Grußformeln",Allāh,allāh,Allaah,ʔalˈlaːh,core
"Allah, Lobpreisungen & Grußformeln",Allāh,allah,Allaah,ʔalˈlaːh,core
"Allah, Lobpreisungen & Grußformeln",Subḥānahu wa-taʿālā,Subḥānahu wa-taʿālā,Subhaanahu wa ta-aalaa,subˈħaːnahu wa.taʕaːlaː,core
"Allah, Lobpreisungen & Grußformeln",Subḥānahu wa-taʿālā,Subhanahu wa-ta'ala,Subhaanahu wa ta-aalaa,subˈħaːnahu wa.taʕaːlaː,core
"Allah, Lobpreisungen & Grußformeln",Subḥānahu wa-taʿālā,Subhanahu wa-taala,Subhaanahu wa ta-aalaa,subˈħaːnahu wa.taʕaːlaː,core
"Allah, Lobpreisungen & Grußformeln",Subḥānahu wa-taʿālā,subḥānahu wa-taʿālā,Subhaanahu wa ta-aalaa,subˈħaːnahu wa.taʕaːlaː,core
"Allah, Lobpreisungen & Grußformeln",Subḥānahu wa-taʿālā,subhanahu wa-ta'ala,Subhaanahu wa ta-aalaa,subˈħaːnahu wa.taʕaːlaː,core
"Allah, Lobpreisungen & Grußformeln",Subḥānahu wa-taʿālā,subhanahu wa-taala,Subhaanahu wa ta-aalaa,subˈħaːnahu wa.taʕaːlaː,core
"Allah, Lobpreisungen & Grußformeln",ʿazza wa-ǧall,ʿazza wa-ǧall,Azza wa dschall,ʕazza wa d͡ʒall,core
"Allah, Lobpreisungen & Grußformeln",ʿazza wa-ǧall,'azza wa-jall,Azza wa dschall,ʕazza wa d͡ʒall,core
"Allah, Lobpreisungen & Grußformeln",ʿazza wa-ǧall,azza wa-jall,Azza wa dschall,ʕazza wa d͡ʒall,core
"Allah, Lobpreisungen & Grußformeln",ʿazza wa-jall,ʿazza wa-jall,Azza wa dschall,ʕazza wa.d͡ʒall,core
"Allah, Lobpreisungen & Grußformeln",tabāraka wa-taʿālā,tabāraka wa-taʿālā,tabaaraka wa-ta-aalaa,tabaːraka wa.taʕaːlaː,core
"Allah, Lobpreisungen & Grußformeln",tabāraka wa-taʿālā,tabaraka wa-ta'ala,tabaaraka wa-ta-aalaa,tabaːraka wa.taʕaːlaː,core
"Allah, Lobpreisungen & Grußformeln",tabāraka wa-taʿālā,tabaraka wa-taala,tabaaraka wa-ta-aalaa,tabaːraka wa.taʕaːlaː,core
"Allah, Lobpreisungen & Grußformeln",ṣallā llāhu ʿalayhi wa-sallam,ṣallā llāhu ʿalayhi wa-sallam,Sallallaahu alaihi wa sallam,sˤalˈlaː lˈlaːhu ʕaˈlajhi waˈsallam,core
"Allah, Lobpreisungen & Grußformeln",ṣallā llāhu ʿalayhi wa-sallam,salla llahu 'alayhi wa-sallam,Sallallaahu alaihi wa sallam,sˤalˈlaː lˈlaːhu ʕaˈlajhi waˈsallam,core
"Allah, Lobpreisungen & Grußformeln",ṣallā llāhu ʿalayhi wa-sallam,salla llahu alayhi wa-sallam,Sallallaahu alaihi wa sallam,sˤalˈlaː lˈlaːhu ʕaˈlajhi waˈsallam,core
"Allah, Lobpreisungen & Grußformeln",ṣallā Allāhu ʿalayhi wa-sallam,ṣallā Allāhu ʿalayhi wa-sallam,Sallallaahu alaihi wa sallam,sˤalˈlaː lˈlaːhu ʕaˈlajhi waˈsallam,core
"Allah, Lobpreisungen & Grußformeln",ṣallā Allāhu ʿalayhi wa-sallam,salla Allahu 'alayhi wa-sallam,Sallallaahu alaihi wa sallam,sˤalˈlaː lˈlaːhu ʕaˈlajhi waˈsallam,core
"Allah, Lobpreisungen & Grußformeln",ṣallā Allāhu ʿalayhi wa-sallam,salla Allahu alayhi wa-sallam,Sallallaahu alaihi wa sallam,sˤalˈlaː lˈlaːhu ʕaˈlajhi waˈsallam,core
"Allah, Lobpreisungen & Grußformeln",ṣallā Allāhu ʿalayhi wa-sallam,ṣallā allāhu ʿalayhi wa-sallam,Sallallaahu alaihi wa sallam,sˤalˈlaː lˈlaːhu ʕaˈlajhi waˈsallam,core
"Allah, Lobpreisungen & Grußformeln",ṣallā Allāhu ʿalayhi wa-sallam,salla allahu 'alayhi wa-sallam,Sallallaahu alaihi wa sallam,sˤalˈlaː lˈlaːhu ʕaˈlajhi waˈsallam,core
"Allah, Lobpreisungen & Grußformeln",ṣallā Allāhu ʿalayhi wa-sallam,salla allahu alayhi wa-sallam,Sallallaahu alaihi wa sallam,sˤalˈlaː lˈlaːhu ʕaˈlajhi waˈsallam,core
"Allah, Lobpreisungen & Grußformeln",ʿalayhi s-salām,ʿalayhi s-salām,Alaihis-Salaam,ʕaˈlajhis.saˈlaːm,core
"Allah, Lobpreisungen & Grußformeln",ʿalayhi s-salām,'alayhi s-salam,Alaihis-Salaam,ʕaˈlajhis.saˈlaːm,core
"Allah, Lobpreisungen & Grußformeln",ʿalayhi s-salām,alayhi s-salam,Alaihis-Salaam,ʕaˈlajhis.saˈlaːm,core
"Allah, Lobpreisungen & Grußformeln",ʿalayhā s-salām,ʿalayhā s-salām,Alaihas-Salaam,ʕaˈlajhaːs.saˈlaːm,core
"Allah, Lobpreisungen & Grußformeln",ʿalayhā s-salām,'alayha s-salam,Alaihas-Salaam,ʕaˈlajhaːs.saˈlaːm,core
"Allah, Lobpreisungen & Grußformeln",ʿalayhā s-salām,alayha s-salam,Alaihas-Salaam,ʕaˈlajhaːs.saˈlaːm,core
"Allah, Lobpreisungen & Grußformeln",ʿalayhimā s-salām,ʿalayhimā s-salām,Alaihimas-Salaam,ʕaˈlajhimaːs.saˈlaːm,core
"Allah, Lobpreisungen & Grußformeln",ʿalayhimā s-salām,'alayhima s-salam,Alaihimas-Salaam,ʕaˈlajhimaːs.saˈlaːm,core
"Allah, Lobpreisungen & Grußformeln",ʿalayhimā s-salām,alayhima s-salam,Alaihimas-Salaam,ʕaˈlajhimaːs.saˈlaːm,core
"Allah, Lobpreisungen & Grußformeln",ʿalayhimu s-salām,ʿalayhimu s-salām,Alaihimus-Salaam,ʕaˈlajhimus.saˈlaːm,core
"Allah, Lobpreisungen & Grußformeln",ʿalayhimu s-salām,'alayhimu s-salam,Alaihimus-Salaam,ʕaˈlajhimus.saˈlaːm,core
"Allah, Lobpreisungen & Grußformeln",ʿalayhimu s-salām,alayhimu s-salam,Alaihimus-Salaam,ʕaˈlajhimus.saˈlaːm,core
"Allah, Lobpreisungen & Grußformeln",raḍiya llāhu ʿanhu,raḍiya llāhu ʿanhu,Radiyallaahu anhu,radˤi.jalˈlaːhu ʕanhu,core
"Allah, Lobpreisungen & Grußformeln",raḍiya llāhu ʿanhu,radiya llahu 'anhu,Radiyallaahu anhu,radˤi.jalˈlaːhu ʕanhu,core
"Allah, Lobpreisungen & Grußformeln",raḍiya llāhu ʿanhu,radiya llahu anhu,Radiyallaahu anhu,radˤi.jalˈlaːhu ʕanhu,core
"Allah, Lobpreisungen & Grußformeln",raḍiya llāhu ʿanhā,raḍiya llāhu ʿanhā,Radiyallaahu anhaa,radˤi.jalˈlaːhu ʕanhaː,core
"Allah, Lobpreisungen & Grußformeln",raḍiya llāhu ʿanhā,radiya llahu 'anha,Radiyallaahu anhaa,radˤi.jalˈlaːhu ʕanhaː,core
"Allah, Lobpreisungen & Grußformeln",raḍiya llāhu ʿanhā,radiya llahu anha,Radiyallaahu anhaa,radˤi.jalˈlaːhu ʕanhaː,core
"Allah, Lobpreisungen & Grußformeln",raḍiya llāhu ʿanhumā,raḍiya llāhu ʿanhumā,Radiyallaahu anhumaa,radˤi.jalˈlaːhu ʕanhumaː,core
"Allah, Lobpreisungen & Grußformeln",raḍiya llāhu ʿanhumā,radiya llahu 'anhuma,Radiyallaahu anhumaa,radˤi.jalˈlaːhu ʕanhumaː,core
"Allah, Lobpreisungen & Grußformeln",raḍiya llāhu ʿanhumā,radiya llahu anhuma,Radiyallaahu anhumaa,radˤi.jalˈlaːhu ʕanhumaː,core
"Allah, Lobpreisungen & Grußformeln",raḍiya llāhu ʿanhum,raḍiya llāhu ʿanhum,Radiyallaahu anhum,radˤi.jalˈlaːhu ʕanhum,core
"Allah, Lobpreisungen & Grußformeln",raḍiya llāhu ʿanhum,radiya llahu 'anhum,Radiyallaahu anhum,radˤi.jalˈlaːhu ʕanhum,core
"Allah, Lobpreisungen & Grußformeln",raḍiya llāhu ʿanhum,radiya llahu anhum,Radiyallaahu anhum,radˤi.jalˈlaːhu ʕanhum,core
"Allah, Lobpreisungen & Grußformeln",raḥimahu llāh,raḥimahu llāh,Rahimahullaah,raħimahulˈlaːh,core
"Allah, Lobpreisungen & Grußformeln",raḥimahu llāh,rahimahu llah,Rahimahullaah,raħimahulˈlaːh,core
"Allah, Lobpreisungen & Grußformeln",raḥimahā llāh,raḥimahā llāh,Rahimahallaah,raħimahaː llaːh,core
"Allah, Lobpreisungen & Grußformeln",raḥimahā llāh,rahimaha llah,Rahimahallaah,raħimahaː llaːh,core
"Allah, Lobpreisungen & Grußformeln",raḥimahumu llāh,raḥimahumu llāh,Rahimahumullaah,raħimahumu llaːh,core
"Allah, Lobpreisungen & Grußformeln",raḥimahumu llāh,rahimahumu llah,Rahimahumullaah,raħimahumu llaːh,core
"Allah, Lobpreisungen & Grußformeln",ḥafiẓahu llāh,ḥafiẓahu llāh,hafizahu llaah,ħafiðˤahu llaːh,core
"Allah, Lobpreisungen & Grußformeln",ḥafiẓahu llāh,hafizahu llah,hafizahu llaah,ħafiðˤahu llaːh,core
"Allah, Lobpreisungen & Grußformeln",Bismi llāh,Bismi llāh,Bismillaah,bismi llaːh,core
"Allah, Lobpreisungen & Grußformeln",Bismi llāh,Bismi llah,Bismillaah,bismi llaːh,core
"Allah, Lobpreisungen & Grußformeln",Bismi llāh,bismi llāh,Bismillaah,bismi llaːh,core
"Allah, Lobpreisungen & Grußformeln",Bismi llāh,bismi llah,Bismillaah,bismi llaːh,core
"Allah, Lobpreisungen & Grußformeln",Bismillāh,Bismillāh,Bismillaah,bismilˈlaːh,core
"Allah, Lobpreisungen & Grußformeln",Bismillāh,Bismillah,Bismillaah,bismilˈlaːh,core
"Allah, Lobpreisungen & Grußformeln",Bismillāh,bismillāh,Bismillaah,bismilˈlaːh,core
"Allah, Lobpreisungen & Grußformeln",Bismillāh,bismillah,Bismillaah,bismilˈlaːh,core
"Allah, Lobpreisungen & Grußformeln",al-ḥamdu li-llāh,al-ḥamdu li-llāh,al-hamdu li-llaah,al.ħamdu li.llaːh,core
"Allah, Lobpreisungen & Grußformeln",al-ḥamdu li-llāh,al-hamdu li-llah,al-hamdu li-llaah,al.ħamdu li.llaːh,core
"Allah, Lobpreisungen & Grußformeln",Alḥamdulillāh,Alḥamdulillāh,Alhamdulillaah,alħamdu lilˈlaːh,core
"Allah, Lobpreisungen & Grußformeln",Alḥamdulillāh,Alhamdulillah,Alhamdulillaah,alħamdu lilˈlaːh,core
"Allah, Lobpreisungen & Grußformeln",Alḥamdulillāh,alḥamdulillāh,Alhamdulillaah,alħamdu lilˈlaːh,core
"Allah, Lobpreisungen & Grußformeln",Alḥamdulillāh,alhamdulillah,Alhamdulillaah,alħamdu lilˈlaːh,core
"Allah, Lobpreisungen & Grußformeln",Subḥānallāh,Subḥānallāh,Subhaanallaah,subħaːnalˈlaːh,core
"Allah, Lobpreisungen & Grußformeln",Subḥānallāh,Subhanallah,Subhaanallaah,subħaːnalˈlaːh,core
"Allah, Lobpreisungen & Grußformeln",Subḥānallāh,subḥānallāh,Subhaanallaah,subħaːnalˈlaːh,core
"Allah, Lobpreisungen & Grußformeln",Subḥānallāh,subhanallah,Subhaanallaah,subħaːnalˈlaːh,core
"Allah, Lobpreisungen & Grußformeln",Allāhu akbar,Allāhu akbar,Allaahu Akbar,alˈlaːhu ʔakbar,core
"Allah, Lobpreisungen & Grußformeln",Allāhu akbar,Allahu akbar,Allaahu Akbar,alˈlaːhu ʔakbar,core
"Allah, Lobpreisungen & Grußformeln",Allāhu akbar,allāhu akbar,Allaahu Akbar,alˈlaːhu ʔakbar,core
"Allah, Lobpreisungen & Grußformeln",Allāhu akbar,allahu akbar,Allaahu Akbar,alˈlaːhu ʔakbar,core
"Allah, Lobpreisungen & Grußformeln",lā ilāha illā llāh,lā ilāha illā llāh,Laa ilaaha illallaah,laː ilaːha illaː llaːh,core
"Allah, Lobpreisungen & Grußformeln",lā ilāha illā llāh,la ilaha illa llah,Laa ilaaha illallaah,laː ilaːha illaː llaːh,core
"Allah, Lobpreisungen & Grußformeln",Lā ilāha illā Allāh,Lā ilāha illā Allāh,Laa ilaaha illallaah,laː ʔilaːha ʔilˈlaː lˈlaːh,core
"Allah, Lobpreisungen & Grußformeln",Lā ilāha illā Allāh,La ilaha illa Allah,Laa ilaaha illallaah,laː ʔilaːha ʔilˈlaː lˈlaːh,core
"Allah, Lobpreisungen & Grußformeln",Lā ilāha illā Allāh,lā ilāha illā allāh,Laa ilaaha illallaah,laː ʔilaːha ʔilˈlaː lˈlaːh,core
"Allah, Lobpreisungen & Grußformeln",Lā ilāha illā Allāh,la ilaha illa allah,Laa ilaaha illallaah,laː ʔilaːha ʔilˈlaː lˈlaːh,core
"Allah, Lobpreisungen & Grußformeln",Astaghfirullāh,Astaghfirullāh,Astaghfirullaah,astaɣfirullaːh,core
"Allah, Lobpreisungen & Grußformeln",Astaghfirullāh,Astaghfirullah,Astaghfirullaah,astaɣfirullaːh,core
"Allah, Lobpreisungen & Grußformeln",Astaghfirullāh,astaghfirullāh,Astaghfirullaah,astaɣfirullaːh,core
"Allah, Lobpreisungen & Grußformeln",Astaghfirullāh,astaghfirullah,Astaghfirullaah,astaɣfirullaːh,core
"Allah, Lobpreisungen & Grußformeln",in šāʾ Allāh,in šāʾ Allāh,in schaa Allaah,in ʃaːʔ allaːh,core
"Allah, Lobpreisungen & Grußformeln",in šāʾ Allāh,in sha' Allah,in schaa Allaah,in ʃaːʔ allaːh,core
"Allah, Lobpreisungen & Grußformeln",in šāʾ Allāh,in sha Allah,in schaa Allaah,in ʃaːʔ allaːh,core
"Allah, Lobpreisungen & Grußformeln",in šāʾ Allāh,in šāʾ allāh,in schaa Allaah,in ʃaːʔ allaːh,core
"Allah, Lobpreisungen & Grußformeln",in šāʾ Allāh,in sha' allah,in schaa Allaah,in ʃaːʔ allaːh,core
"Allah, Lobpreisungen & Grußformeln",in šāʾ Allāh,in sha allah,in schaa Allaah,in ʃaːʔ allaːh,core
"Allah, Lobpreisungen & Grußformeln",In šāʾ Allāh,In šāʾ Allāh,in schaa Allaah,in ʃaːʔ allaːh,core
"Allah, Lobpreisungen & Grußformeln",In šāʾ Allāh,In sha' Allah,in schaa Allaah,in ʃaːʔ allaːh,core
"Allah, Lobpreisungen & Grußformeln",In šāʾ Allāh,In sha Allah,in schaa Allaah,in ʃaːʔ allaːh,core
"Allah, Lobpreisungen & Grußformeln",mā šāʾ Allāh,mā šāʾ Allāh,maa schaa Allaah,maː ʃaːʔ allaːh,core
"Allah, Lobpreisungen & Grußformeln",mā šāʾ Allāh,ma sha' Allah,maa schaa Allaah,maː ʃaːʔ allaːh,core
"Allah, Lobpreisungen & Grußformeln",mā šāʾ Allāh,ma sha Allah,maa schaa Allaah,maː ʃaːʔ allaːh,core
"Allah, Lobpreisungen & Grußformeln",mā šāʾ Allāh,mā šāʾ allāh,maa schaa Allaah,maː ʃaːʔ allaːh,core
"Allah, Lobpreisungen & Grußformeln",mā šāʾ Allāh,ma sha' allah,maa schaa Allaah,maː ʃaːʔ allaːh,core
"Allah, Lobpreisungen & Grußformeln",mā šāʾ Allāh,ma sha allah,maa schaa Allaah,maː ʃaːʔ allaːh,core
"Allah, Lobpreisungen & Grußformeln",Mā šāʾ Allāh,Mā šāʾ Allāh,maa schaa Allaah,maː ʃaːʔ allaːh,core
"Allah, Lobpreisungen & Grußformeln",Mā šāʾ Allāh,Ma sha' Allah,maa schaa Allaah,maː ʃaːʔ allaːh,core
"Allah, Lobpreisungen & Grußformeln",Mā šāʾ Allāh,Ma sha Allah,maa schaa Allaah,maː ʃaːʔ allaːh,core
"Allah, Lobpreisungen & Grußformeln",bāraka llāhu fīk,bāraka llāhu fīk,baaraka llaahu fiik,baːraka llaːhu fiːk,core
"Allah, Lobpreisungen & Grußformeln",bāraka llāhu fīk,baraka llahu fik,baaraka llaahu fiik,baːraka llaːhu fiːk,core
"Allah, Lobpreisungen & Grußformeln",bāraka llāhu fīkum,bāraka llāhu fīkum,baaraka llaahu fiikum,baːraka llaːhu fiːkum,core
"Allah, Lobpreisungen & Grußformeln",bāraka llāhu fīkum,baraka llahu fikum,baaraka llaahu fiikum,baːraka llaːhu fiːkum,core
"Allah, Lobpreisungen & Grußformeln",ǧazāka llāhu khayran,ǧazāka llāhu khayran,dschazaaka llaahu khayran,d͡ʒazaːka llaːhu xajran,core
"Allah, Lobpreisungen & Grußformeln",ǧazāka llāhu khayran,jazaka llahu khayran,dschazaaka llaahu khayran,d͡ʒazaːka llaːhu xajran,core
"Allah, Lobpreisungen & Grußformeln",ǧazākumu llāhu khayran,ǧazākumu llāhu khayran,dschazaakumu llaahu khayran,d͡ʒazaːkumu llaːhu xajran,core
"Allah, Lobpreisungen & Grußformeln",ǧazākumu llāhu khayran,jazakumu llahu khayran,dschazaakumu llaahu khayran,d͡ʒazaːkumu llaːhu xajran,core
"Allah, Lobpreisungen & Grußformeln",as-salāmu ʿalaykum,as-salāmu ʿalaykum,as-Salaamu alaikum,as.saˈlaːmu ʕaˈlajkum,core
"Allah, Lobpreisungen & Grußformeln",as-salāmu ʿalaykum,as-salamu 'alaykum,as-Salaamu alaikum,as.saˈlaːmu ʕaˈlajkum,core
"Allah, Lobpreisungen & Grußformeln",as-salāmu ʿalaykum,as-salamu alaykum,as-Salaamu alaikum,as.saˈlaːmu ʕaˈlajkum,core
"Allah, Lobpreisungen & Grußformeln",wa-ʿalaykumu s-salām,wa-ʿalaykumu s-salām,wa alaikumus-Salaam,waʕaˈlajkumu s.saˈlaːm,core
"Allah, Lobpreisungen & Grußformeln",wa-ʿalaykumu s-salām,wa-'alaykumu s-salam,wa alaikumus-Salaam,waʕaˈlajkumu s.saˈlaːm,core
"Allah, Lobpreisungen & Grußformeln",wa-ʿalaykumu s-salām,wa-alaykumu s-salam,wa alaikumus-Salaam,waʕaˈlajkumu s.saˈlaːm,core
"Allah, Lobpreisungen & Grußformeln",fī amāni llāh,fī amāni llāh,fii amaani llaah,fiː amaːni llaːh,core
"Allah, Lobpreisungen & Grußformeln",fī amāni llāh,fi amani llah,fii amaani llaah,fiː amaːni llaːh,core
"Allah, Lobpreisungen & Grußformeln",ḥasbunā llāhu wa-niʿma l-wakīl,ḥasbunā llāhu wa-niʿma l-wakīl,hasbunaa llaahu wa-ni-ma l-wakiil,ħasbunaː llaːhu wa.niʕma l.wakiːl,core
"Allah, Lobpreisungen & Grußformeln",ḥasbunā llāhu wa-niʿma l-wakīl,hasbuna llahu wa-ni'ma l-wakil,hasbunaa llaahu wa-ni-ma l-wakiil,ħasbunaː llaːhu wa.niʕma l.wakiːl,core
"Allah, Lobpreisungen & Grußformeln",ḥasbunā llāhu wa-niʿma l-wakīl,hasbuna llahu wa-nima l-wakil,hasbunaa llaahu wa-ni-ma l-wakiil,ħasbunaː llaːhu wa.niʕma l.wakiːl,core
"Allah, Lobpreisungen & Grußformeln",lā ḥawla wa-lā quwwata illā bi-llāh,lā ḥawla wa-lā quwwata illā bi-llāh,laa hawla wa-laa quwwata illaa bi-llaah,laː ħawla wa.laː quwwata illaː bi.llaːh,core
"Allah, Lobpreisungen & Grußformeln",lā ḥawla wa-lā quwwata illā bi-llāh,la hawla wa-la quwwata illa bi-llah,laa hawla wa-laa quwwata illaa bi-llaah,laː ħawla wa.laː quwwata illaː bi.llaːh,core
"Allah, Lobpreisungen & Grußformeln",innā li-llāhi wa-innā ilayhi rāǧiʿūn,innā li-llāhi wa-innā ilayhi rāǧiʿūn,innaa li-llaahi wa-innaa ilayhi raadschi-uun,innaː li.llaːhi wa.innaː ilajhi raːd͡ʒiʕuːn,core
"Allah, Lobpreisungen & Grußformeln",innā li-llāhi wa-innā ilayhi rāǧiʿūn,inna li-llahi wa-inna ilayhi raji'un,innaa li-llaahi wa-innaa ilayhi raadschi-uun,innaː li.llaːhi wa.innaː ilajhi raːd͡ʒiʕuːn,core
"Allah, Lobpreisungen & Grußformeln",innā li-llāhi wa-innā ilayhi rāǧiʿūn,inna li-llahi wa-inna ilayhi rajiun,innaa li-llaahi wa-innaa ilayhi raadschi-uun,innaː li.llaːhi wa.innaː ilajhi raːd͡ʒiʕuːn,core
Qurʾān & Qurʾān-Wissenschaften,Qurʾān,Qurʾān,Qur-aan,qurˈʔaːn,extended
Qurʾān & Qurʾān-Wissenschaften,Qurʾān,Qur'an,Qur-aan,qurˈʔaːn,extended
Qurʾān & Qurʾān-Wissenschaften,Qurʾān,Quran,Qur-aan,qurˈʔaːn,extended
Qurʾān & Qurʾān-Wissenschaften,Qurʾān,qurʾān,Qur-aan,qurˈʔaːn,extended
Qurʾān & Qurʾān-Wissenschaften,Qurʾān,qur'an,Qur-aan,qurˈʔaːn,extended
Qurʾān & Qurʾān-Wissenschaften,Qurʾān,quran,Qur-aan,qurˈʔaːn,extended
Qurʾān & Qurʾān-Wissenschaften,al-Qurʾān,al-Qurʾān,al-Qur-aan,al.qurˈʔaːn,extended
Qurʾān & Qurʾān-Wissenschaften,al-Qurʾān,al-Qur'an,al-Qur-aan,al.qurˈʔaːn,extended
Qurʾān & Qurʾān-Wissenschaften,al-Qurʾān,al-Quran,al-Qur-aan,al.qurˈʔaːn,extended
Qurʾān & Qurʾān-Wissenschaften,al-Qurʾān,al-qurʾān,al-Qur-aan,al.qurˈʔaːn,extended
Qurʾān & Qurʾān-Wissenschaften,al-Qurʾān,al-qur'an,al-Qur-aan,al.qurˈʔaːn,extended
Qurʾān & Qurʾān-Wissenschaften,al-Qurʾān,al-quran,al-Qur-aan,al.qurˈʔaːn,extended
Qurʾān & Qurʾān-Wissenschaften,Muṣḥaf,Muṣḥaf,Mushaf,musˤħaf,extended
Qurʾān & Qurʾān-Wissenschaften,Muṣḥaf,Mushaf,Mushaf,musˤħaf,extended
Qurʾān & Qurʾān-Wissenschaften,Muṣḥaf,muṣḥaf,Mushaf,musˤħaf,extended
Qurʾān & Qurʾān-Wissenschaften,Muṣḥaf,mushaf,Mushaf,musˤħaf,extended
Qurʾān & Qurʾān-Wissenschaften,Sūrah,Sūrah,Suurah,suːrah,extended
Qurʾān & Qurʾān-Wissenschaften,Sūrah,Surah,Suurah,suːrah,extended
Qurʾān & Qurʾān-Wissenschaften,Sūrah,sūrah,Suurah,suːrah,extended
Qurʾān & Qurʾān-Wissenschaften,Sūrah,surah,Suurah,suːrah,extended
Qurʾān & Qurʾān-Wissenschaften,Sūra,Sūra,Suura,suːra,extended
Qurʾān & Qurʾān-Wissenschaften,Sūra,Sura,Suura,suːra,extended
Qurʾān & Qurʾān-Wissenschaften,Sūra,sūra,Suura,suːra,extended
Qurʾān & Qurʾān-Wissenschaften,Sūra,sura,Suura,suːra,extended
Qurʾān & Qurʾān-Wissenschaften,Āyah,Āyah,Aayah,aːjah,extended
Qurʾān & Qurʾān-Wissenschaften,Āyah,Ayah,Aayah,aːjah,extended
Qurʾān & Qurʾān-Wissenschaften,Āyah,āyah,Aayah,aːjah,extended
Qurʾān & Qurʾān-Wissenschaften,Āyah,ayah,Aayah,aːjah,extended
Qurʾān & Qurʾān-Wissenschaften,Āyāt,Āyāt,Aayaat,aːjaːt,extended
Qurʾān & Qurʾān-Wissenschaften,Āyāt,Ayat,Aayaat,aːjaːt,extended
Qurʾān & Qurʾān-Wissenschaften,Āyāt,āyāt,Aayaat,aːjaːt,extended
Qurʾān & Qurʾān-Wissenschaften,Āyāt,ayat,Aayaat,aːjaːt,extended
Qurʾān & Qurʾān-Wissenschaften,Tafsīr,Tafsīr,Tafsiir,tafsiːr,extended
Qurʾān & Qurʾān-Wissenschaften,Tafsīr,Tafsir,Tafsiir,tafsiːr,extended
Qurʾān & Qurʾān-Wissenschaften,Tafsīr,tafsīr,Tafsiir,tafsiːr,extended
Qurʾān & Qurʾān-Wissenschaften,Tafsīr,tafsir,Tafsiir,tafsiːr,extended
Qurʾān & Qurʾān-Wissenschaften,Mufassir,Mufassir,Mufassir,mufassir,extended
Qurʾān & Qurʾān-Wissenschaften,Mufassir,mufassir,Mufassir,mufassir,extended
Qurʾān & Qurʾān-Wissenschaften,Mufassirūn,Mufassirūn,Mufassiruun,mufassiruːn,extended
Qurʾān & Qurʾān-Wissenschaften,Mufassirūn,Mufassirun,Mufassiruun,mufassiruːn,extended
Qurʾān & Qurʾān-Wissenschaften,Mufassirūn,mufassirūn,Mufassiruun,mufassiruːn,extended
Qurʾān & Qurʾān-Wissenschaften,Mufassirūn,mufassirun,Mufassiruun,mufassiruːn,extended
Qurʾān & Qurʾān-Wissenschaften,Taʾwīl,Taʾwīl,Ta-wiil,taʔwiːl,extended
Qurʾān & Qurʾān-Wissenschaften,Taʾwīl,Ta'wil,Ta-wiil,taʔwiːl,extended
Qurʾān & Qurʾān-Wissenschaften,Taʾwīl,Tawil,Ta-wiil,taʔwiːl,extended
Qurʾān & Qurʾān-Wissenschaften,Taʾwīl,taʾwīl,Ta-wiil,taʔwiːl,extended
Qurʾān & Qurʾān-Wissenschaften,Taʾwīl,ta'wil,Ta-wiil,taʔwiːl,extended
Qurʾān & Qurʾān-Wissenschaften,Taʾwīl,tawil,Ta-wiil,taʔwiːl,extended
Qurʾān & Qurʾān-Wissenschaften,Tanzīl,Tanzīl,Tanziil,tanziːl,extended
Qurʾān & Qurʾān-Wissenschaften,Tanzīl,Tanzil,Tanziil,tanziːl,extended
Qurʾān & Qurʾān-Wissenschaften,Tanzīl,tanzīl,Tanziil,tanziːl,extended
Qurʾān & Qurʾān-Wissenschaften,Tanzīl,tanzil,Tanziil,tanziːl,extended
Qurʾān & Qurʾān-Wissenschaften,Waḥy,Waḥy,Wahy,waħj,extended
Qurʾān & Qurʾān-Wissenschaften,Waḥy,Wahy,Wahy,waħj,extended
Qurʾān & Qurʾān-Wissenschaften,Waḥy,waḥy,Wahy,waħj,extended
Qurʾān & Qurʾān-Wissenschaften,Waḥy,wahy,Wahy,waħj,extended
Qurʾān & Qurʾān-Wissenschaften,Asbāb an-nuzūl,Asbāb an-nuzūl,Asbaab an-nuzuul,asbaːb an.nuzuːl,extended
Qurʾān & Qurʾān-Wissenschaften,Asbāb an-nuzūl,Asbab an-nuzul,Asbaab an-nuzuul,asbaːb an.nuzuːl,extended
Qurʾān & Qurʾān-Wissenschaften,Asbāb an-nuzūl,asbāb an-nuzūl,Asbaab an-nuzuul,asbaːb an.nuzuːl,extended
Qurʾān & Qurʾān-Wissenschaften,Asbāb an-nuzūl,asbab an-nuzul,Asbaab an-nuzuul,asbaːb an.nuzuːl,extended
Qurʾān & Qurʾān-Wissenschaften,Nuzūl,Nuzūl,Nuzuul,nuzuːl,extended
Qurʾān & Qurʾān-Wissenschaften,Nuzūl,Nuzul,Nuzuul,nuzuːl,extended
Qurʾān & Qurʾān-Wissenschaften,Nuzūl,nuzūl,Nuzuul,nuzuːl,extended
Qurʾān & Qurʾān-Wissenschaften,Nuzūl,nuzul,Nuzuul,nuzuːl,extended
Qurʾān & Qurʾān-Wissenschaften,Makkiyy,Makkiyy,Makkiyy,makkijj,extended
Qurʾān & Qurʾān-Wissenschaften,Makkiyy,makkiyy,Makkiyy,makkijj,extended
Qurʾān & Qurʾān-Wissenschaften,Madaniyy,Madaniyy,Madaniyy,madanijj,extended
Qurʾān & Qurʾān-Wissenschaften,Madaniyy,madaniyy,Madaniyy,madanijj,extended
Qurʾān & Qurʾān-Wissenschaften,Muḥkam,Muḥkam,Muhkam,muħkam,extended
Qurʾān & Qurʾān-Wissenschaften,Muḥkam,Muhkam,Muhkam,muħkam,extended
Qurʾān & Qurʾān-Wissenschaften,Muḥkam,muḥkam,Muhkam,muħkam,extended
Qurʾān & Qurʾān-Wissenschaften,Muḥkam,muhkam,Muhkam,muħkam,extended
Qurʾān & Qurʾān-Wissenschaften,Mutašābih,Mutašābih,Mutaschaabih,mutaʃaːbih,extended
Qurʾān & Qurʾān-Wissenschaften,Mutašābih,Mutashabih,Mutaschaabih,mutaʃaːbih,extended
Qurʾān & Qurʾān-Wissenschaften,Mutašābih,mutašābih,Mutaschaabih,mutaʃaːbih,extended
Qurʾān & Qurʾān-Wissenschaften,Mutašābih,mutashabih,Mutaschaabih,mutaʃaːbih,extended
Qurʾān & Qurʾān-Wissenschaften,Nāsikh,Nāsikh,Naasikh,naːsix,extended
Qurʾān & Qurʾān-Wissenschaften,Nāsikh,Nasikh,Naasikh,naːsix,extended
Qurʾān & Qurʾān-Wissenschaften,Nāsikh,nāsikh,Naasikh,naːsix,extended
Qurʾān & Qurʾān-Wissenschaften,Nāsikh,nasikh,Naasikh,naːsix,extended
Qurʾān & Qurʾān-Wissenschaften,Mansūkh,Mansūkh,Mansuukh,mansuːx,extended
Qurʾān & Qurʾān-Wissenschaften,Mansūkh,Mansukh,Mansuukh,mansuːx,extended
Qurʾān & Qurʾān-Wissenschaften,Mansūkh,mansūkh,Mansuukh,mansuːx,extended
Qurʾān & Qurʾān-Wissenschaften,Mansūkh,mansukh,Mansuukh,mansuːx,extended
Qurʾān & Qurʾān-Wissenschaften,Qirāʾah,Qirāʾah,Qiraa-ah,qiraːʔah,extended
Qurʾān & Qurʾān-Wissenschaften,Qirāʾah,Qira'ah,Qiraa-ah,qiraːʔah,extended
Qurʾān & Qurʾān-Wissenschaften,Qirāʾah,Qiraah,Qiraa-ah,qiraːʔah,extended
Qurʾān & Qurʾān-Wissenschaften,Qirāʾah,qirāʾah,Qiraa-ah,qiraːʔah,extended
Qurʾān & Qurʾān-Wissenschaften,Qirāʾah,qira'ah,Qiraa-ah,qiraːʔah,extended
Qurʾān & Qurʾān-Wissenschaften,Qirāʾah,qiraah,Qiraa-ah,qiraːʔah,extended
Qurʾān & Qurʾān-Wissenschaften,Qirāʾāt,Qirāʾāt,Qiraa-aat,qiraːʔaːt,extended
Qurʾān & Qurʾān-Wissenschaften,Qirāʾāt,Qira'at,Qiraa-aat,qiraːʔaːt,extended
Qurʾān & Qurʾān-Wissenschaften,Qirāʾāt,Qiraat,Qiraa-aat,qiraːʔaːt,extended
Qurʾān & Qurʾān-Wissenschaften,Qirāʾāt,qirāʾāt,Qiraa-aat,qiraːʔaːt,extended
Qurʾān & Qurʾān-Wissenschaften,Qirāʾāt,qira'at,Qiraa-aat,qiraːʔaːt,extended
Qurʾān & Qurʾān-Wissenschaften,Qirāʾāt,qiraat,Qiraa-aat,qiraːʔaːt,extended
Qurʾān & Qurʾān-Wissenschaften,Taǧwīd,Taǧwīd,Tadschwiid,tad͡ʒwiːd,extended
Qurʾān & Qurʾān-Wissenschaften,Taǧwīd,Tajwid,Tadschwiid,tad͡ʒwiːd,extended
Qurʾān & Qurʾān-Wissenschaften,Taǧwīd,taǧwīd,Tadschwiid,tad͡ʒwiːd,extended
Qurʾān & Qurʾān-Wissenschaften,Taǧwīd,tajwid,Tadschwiid,tad͡ʒwiːd,extended
Qurʾān & Qurʾān-Wissenschaften,Tartīl,Tartīl,Tartiil,tartiːl,extended
Qurʾān & Qurʾān-Wissenschaften,Tartīl,Tartil,Tartiil,tartiːl,extended
Qurʾān & Qurʾān-Wissenschaften,Tartīl,tartīl,Tartiil,tartiːl,extended
Qurʾān & Qurʾān-Wissenschaften,Tartīl,tartil,Tartiil,tartiːl,extended
Qurʾān & Qurʾān-Wissenschaften,Ḥifẓ,Ḥifẓ,Hifz,ħifðˤ,extended
Qurʾān & Qurʾān-Wissenschaften,Ḥifẓ,Hifz,Hifz,ħifðˤ,extended
Qurʾān & Qurʾān-Wissenschaften,Ḥifẓ,ḥifẓ,Hifz,ħifðˤ,extended
Qurʾān & Qurʾān-Wissenschaften,Ḥifẓ,hifz,Hifz,ħifðˤ,extended
Qurʾān & Qurʾān-Wissenschaften,Ḥāfiẓ,Ḥāfiẓ,Haafiz,ħaːfiðˤ,extended
Qurʾān & Qurʾān-Wissenschaften,Ḥāfiẓ,Hafiz,Haafiz,ħaːfiðˤ,extended
Qurʾān & Qurʾān-Wissenschaften,Ḥāfiẓ,ḥāfiẓ,Haafiz,ħaːfiðˤ,extended
Qurʾān & Qurʾān-Wissenschaften,Ḥāfiẓ,hafiz,Haafiz,ħaːfiðˤ,extended
Qurʾān & Qurʾān-Wissenschaften,Ḥuffāẓ,Ḥuffāẓ,Huffaaz,ħuffaːðˤ,extended
Qurʾān & Qurʾān-Wissenschaften,Ḥuffāẓ,Huffaz,Huffaaz,ħuffaːðˤ,extended
Qurʾān & Qurʾān-Wissenschaften,Ḥuffāẓ,ḥuffāẓ,Huffaaz,ħuffaːðˤ,extended
Qurʾān & Qurʾān-Wissenschaften,Ḥuffāẓ,huffaz,Huffaaz,ħuffaːðˤ,extended
Qurʾān & Qurʾān-Wissenschaften,Riwayah,Riwayah,Riwayah,riwajah,extended
Qurʾān & Qurʾān-Wissenschaften,Riwayah,riwayah,Riwayah,riwajah,extended
Qurʾān & Qurʾān-Wissenschaften,Ḥafṣ ʿan ʿĀṣim,Ḥafṣ ʿan ʿĀṣim,Hafs an Aasim,ħafsˤ ʕan ʕaːsˤim,extended
Qurʾān & Qurʾān-Wissenschaften,Ḥafṣ ʿan ʿĀṣim,Hafs 'an 'Asim,Hafs an Aasim,ħafsˤ ʕan ʕaːsˤim,extended
Qurʾān & Qurʾān-Wissenschaften,Ḥafṣ ʿan ʿĀṣim,Hafs an Asim,Hafs an Aasim,ħafsˤ ʕan ʕaːsˤim,extended
Qurʾān & Qurʾān-Wissenschaften,Ḥafṣ ʿan ʿĀṣim,ḥafṣ ʿan ʿāṣim,Hafs an Aasim,ħafsˤ ʕan ʕaːsˤim,extended
Qurʾān & Qurʾān-Wissenschaften,Ḥafṣ ʿan ʿĀṣim,hafs 'an 'asim,Hafs an Aasim,ħafsˤ ʕan ʕaːsˤim,extended
Qurʾān & Qurʾān-Wissenschaften,Ḥafṣ ʿan ʿĀṣim,hafs an asim,Hafs an Aasim,ħafsˤ ʕan ʕaːsˤim,extended
Qurʾān & Qurʾān-Wissenschaften,Warš ʿan Nāfiʿ,Warš ʿan Nāfiʿ,Warsch an Naafi-,warʃ ʕan naːfiʕ,extended
Qurʾān & Qurʾān-Wissenschaften,Warš ʿan Nāfiʿ,Warsh 'an Nafi',Warsch an Naafi-,warʃ ʕan naːfiʕ,extended
Qurʾān & Qurʾān-Wissenschaften,Warš ʿan Nāfiʿ,Warsh an Nafi,Warsch an Naafi-,warʃ ʕan naːfiʕ,extended
Qurʾān & Qurʾān-Wissenschaften,Warš ʿan Nāfiʿ,warš ʿan nāfiʿ,Warsch an Naafi-,warʃ ʕan naːfiʕ,extended
Qurʾān & Qurʾān-Wissenschaften,Warš ʿan Nāfiʿ,warsh 'an nafi',Warsch an Naafi-,warʃ ʕan naːfiʕ,extended
Qurʾān & Qurʾān-Wissenschaften,Warš ʿan Nāfiʿ,warsh an nafi,Warsch an Naafi-,warʃ ʕan naːfiʕ,extended
Qurʾān & Qurʾān-Wissenschaften,Sajdah,Sajdah,Sajdah,sajdah,extended
Qurʾān & Qurʾān-Wissenschaften,Sajdah,sajdah,Sajdah,sajdah,extended
Qurʾān & Qurʾān-Wissenschaften,Sūrat al-Fātiḥah,Sūrat al-Fātiḥah,Suurat al-Faatihah,suːrat al.faːtiħah,extended
Qurʾān & Qurʾān-Wissenschaften,Sūrat al-Fātiḥah,Surat al-Fatihah,Suurat al-Faatihah,suːrat al.faːtiħah,extended
Qurʾān & Qurʾān-Wissenschaften,Sūrat al-Fātiḥah,sūrat al-fātiḥah,Suurat al-Faatihah,suːrat al.faːtiħah,extended
Qurʾān & Qurʾān-Wissenschaften,Sūrat al-Fātiḥah,surat al-fatihah,Suurat al-Faatihah,suːrat al.faːtiħah,extended
Qurʾān & Qurʾān-Wissenschaften,al-Fātiḥah,al-Fātiḥah,al-Faatihah,al.faːtiħah,extended
Qurʾān & Qurʾān-Wissenschaften,al-Fātiḥah,al-Fatihah,al-Faatihah,al.faːtiħah,extended
Qurʾān & Qurʾān-Wissenschaften,al-Fātiḥah,al-fātiḥah,al-Faatihah,al.faːtiħah,extended
Qurʾān & Qurʾān-Wissenschaften,al-Fātiḥah,al-fatihah,al-Faatihah,al.faːtiħah,extended
Qurʾān & Qurʾān-Wissenschaften,Āyat al-Kursī,Āyat al-Kursī,Aayat al-Kursii,aːjat al.kursiː,extended
Qurʾān & Qurʾān-Wissenschaften,Āyat al-Kursī,Ayat al-Kursi,Aayat al-Kursii,aːjat al.kursiː,extended
Qurʾān & Qurʾān-Wissenschaften,Āyat al-Kursī,āyat al-kursī,Aayat al-Kursii,aːjat al.kursiː,extended
Qurʾān & Qurʾān-Wissenschaften,Āyat al-Kursī,ayat al-kursi,Aayat al-Kursii,aːjat al.kursiː,extended
Qurʾān & Qurʾān-Wissenschaften,al-Baqarah,al-Baqarah,al-Baqarah,al.baqarah,extended
Qurʾān & Qurʾān-Wissenschaften,al-Baqarah,al-baqarah,al-Baqarah,al.baqarah,extended
Qurʾān & Qurʾān-Wissenschaften,Āl ʿImrān,Āl ʿImrān,Aal Imraan,aːl ʕimraːn,extended
Qurʾān & Qurʾān-Wissenschaften,Āl ʿImrān,Al 'Imran,Aal Imraan,aːl ʕimraːn,extended
Qurʾān & Qurʾān-Wissenschaften,Āl ʿImrān,Al Imran,Aal Imraan,aːl ʕimraːn,extended
Qurʾān & Qurʾān-Wissenschaften,Āl ʿImrān,āl ʿimrān,Aal Imraan,aːl ʕimraːn,extended
Qurʾān & Qurʾān-Wissenschaften,Āl ʿImrān,al 'imran,Aal Imraan,aːl ʕimraːn,extended
Qurʾān & Qurʾān-Wissenschaften,Āl ʿImrān,al imran,Aal Imraan,aːl ʕimraːn,extended
Qurʾān & Qurʾān-Wissenschaften,an-Nisāʾ,an-Nisāʾ,an-Nisaa-,an.nisaːʔ,extended
Qurʾān & Qurʾān-Wissenschaften,an-Nisāʾ,an-Nisa',an-Nisaa-,an.nisaːʔ,extended
Qurʾān & Qurʾān-Wissenschaften,an-Nisāʾ,an-Nisa,an-Nisaa-,an.nisaːʔ,extended
Qurʾān & Qurʾān-Wissenschaften,an-Nisāʾ,an-nisāʾ,an-Nisaa-,an.nisaːʔ,extended
Qurʾān & Qurʾān-Wissenschaften,an-Nisāʾ,an-nisa',an-Nisaa-,an.nisaːʔ,extended
Qurʾān & Qurʾān-Wissenschaften,an-Nisāʾ,an-nisa,an-Nisaa-,an.nisaːʔ,extended
Qurʾān & Qurʾān-Wissenschaften,al-Māʾidah,al-Māʾidah,al-Maa-idah,al.maːʔidah,extended
Qurʾān & Qurʾān-Wissenschaften,al-Māʾidah,al-Ma'idah,al-Maa-idah,al.maːʔidah,extended
Qurʾān & Qurʾān-Wissenschaften,al-Māʾidah,al-Maidah,al-Maa-idah,al.maːʔidah,extended
Qurʾān & Qurʾān-Wissenschaften,al-Māʾidah,al-māʾidah,al-Maa-idah,al.maːʔidah,extended
Qurʾān & Qurʾān-Wissenschaften,al-Māʾidah,al-ma'idah,al-Maa-idah,al.maːʔidah,extended
Qurʾān & Qurʾān-Wissenschaften,al-Māʾidah,al-maidah,al-Maa-idah,al.maːʔidah,extended
Qurʾān & Qurʾān-Wissenschaften,al-Anʿām,al-Anʿām,al-An-aam,al.anʕaːm,extended
Qurʾān & Qurʾān-Wissenschaften,al-Anʿām,al-An'am,al-An-aam,al.anʕaːm,extended
Qurʾān & Qurʾān-Wissenschaften,al-Anʿām,al-Anam,al-An-aam,al.anʕaːm,extended
Qurʾān & Qurʾān-Wissenschaften,al-Anʿām,al-anʿām,al-An-aam,al.anʕaːm,extended
Qurʾān & Qurʾān-Wissenschaften,al-Anʿām,al-an'am,al-An-aam,al.anʕaːm,extended
Qurʾān & Qurʾān-Wissenschaften,al-Anʿām,al-anam,al-An-aam,al.anʕaːm,extended
Qurʾān & Qurʾān-Wissenschaften,al-Aʿrāf,al-Aʿrāf,al-A-raaf,al.aʕraːf,extended
Qurʾān & Qurʾān-Wissenschaften,al-Aʿrāf,al-A'raf,al-A-raaf,al.aʕraːf,extended
Qurʾān & Qurʾān-Wissenschaften,al-Aʿrāf,al-Araf,al-A-raaf,al.aʕraːf,extended
Qurʾān & Qurʾān-Wissenschaften,al-Aʿrāf,al-aʿrāf,al-A-raaf,al.aʕraːf,extended
Qurʾān & Qurʾān-Wissenschaften,al-Aʿrāf,al-a'raf,al-A-raaf,al.aʕraːf,extended
Qurʾān & Qurʾān-Wissenschaften,al-Aʿrāf,al-araf,al-A-raaf,al.aʕraːf,extended
Qurʾān & Qurʾān-Wissenschaften,al-Anfāl,al-Anfāl,al-Anfaal,al.anfaːl,extended
Qurʾān & Qurʾān-Wissenschaften,al-Anfāl,al-Anfal,al-Anfaal,al.anfaːl,extended
Qurʾān & Qurʾān-Wissenschaften,al-Anfāl,al-anfāl,al-Anfaal,al.anfaːl,extended
Qurʾān & Qurʾān-Wissenschaften,al-Anfāl,al-anfal,al-Anfaal,al.anfaːl,extended
Qurʾān & Qurʾān-Wissenschaften,at-Tawbah,at-Tawbah,at-Tawbah,at.tawbah,extended
Qurʾān & Qurʾān-Wissenschaften,at-Tawbah,at-tawbah,at-Tawbah,at.tawbah,extended
Qurʾān & Qurʾān-Wissenschaften,Yūnus,Yūnus,Yuunus,juːnus,extended
Qurʾān & Qurʾān-Wissenschaften,Yūnus,Yunus,Yuunus,juːnus,extended
Qurʾān & Qurʾān-Wissenschaften,Yūnus,yūnus,Yuunus,juːnus,extended
Qurʾān & Qurʾān-Wissenschaften,Yūnus,yunus,Yuunus,juːnus,extended
Qurʾān & Qurʾān-Wissenschaften,Hūd,Hūd,Huud,huːd,extended
Qurʾān & Qurʾān-Wissenschaften,Hūd,Hud,Huud,huːd,extended
Qurʾān & Qurʾān-Wissenschaften,Hūd,hūd,Huud,huːd,extended
Qurʾān & Qurʾān-Wissenschaften,Hūd,hud,Huud,huːd,extended
Qurʾān & Qurʾān-Wissenschaften,Yūsuf,Yūsuf,Yuusuf,ˈjuːsuf,extended
Qurʾān & Qurʾān-Wissenschaften,Yūsuf,Yusuf,Yuusuf,ˈjuːsuf,extended
Qurʾān & Qurʾān-Wissenschaften,Yūsuf,yūsuf,Yuusuf,ˈjuːsuf,extended
Qurʾān & Qurʾān-Wissenschaften,Yūsuf,yusuf,Yuusuf,ˈjuːsuf,extended
Qurʾān & Qurʾān-Wissenschaften,ar-Raʿd,ar-Raʿd,ar-Ra-d,ar.raʕd,extended
Qurʾān & Qurʾān-Wissenschaften,ar-Raʿd,ar-Ra'd,ar-Ra-d,ar.raʕd,extended
Qurʾān & Qurʾān-Wissenschaften,ar-Raʿd,ar-Rad,ar-Ra-d,ar.raʕd,extended
Qurʾān & Qurʾān-Wissenschaften,ar-Raʿd,ar-raʿd,ar-Ra-d,ar.raʕd,extended
Qurʾān & Qurʾān-Wissenschaften,ar-Raʿd,ar-ra'd,ar-Ra-d,ar.raʕd,extended
Qurʾān & Qurʾān-Wissenschaften,ar-Raʿd,ar-rad,ar-Ra-d,ar.raʕd,extended
Qurʾān & Qurʾān-Wissenschaften,Ibrāhīm,Ibrāhīm,Ibraahiim,ʔib.raːˈhiːm,extended
Qurʾān & Qurʾān-Wissenschaften,Ibrāhīm,Ibrahim,Ibraahiim,ʔib.raːˈhiːm,extended
Qurʾān & Qurʾān-Wissenschaften,Ibrāhīm,ibrāhīm,Ibraahiim,ʔib.raːˈhiːm,extended
Qurʾān & Qurʾān-Wissenschaften,Ibrāhīm,ibrahim,Ibraahiim,ʔib.raːˈhiːm,extended
Qurʾān & Qurʾān-Wissenschaften,al-Ḥiǧr,al-Ḥiǧr,al-Hidschr,al.ħid͡ʒr,extended
Qurʾān & Qurʾān-Wissenschaften,al-Ḥiǧr,al-Hijr,al-Hidschr,al.ħid͡ʒr,extended
Qurʾān & Qurʾān-Wissenschaften,al-Ḥiǧr,al-ḥiǧr,al-Hidschr,al.ħid͡ʒr,extended
Qurʾān & Qurʾān-Wissenschaften,al-Ḥiǧr,al-hijr,al-Hidschr,al.ħid͡ʒr,extended
Qurʾān & Qurʾān-Wissenschaften,an-Naḥl,an-Naḥl,an-Nahl,an.naħl,extended
Qurʾān & Qurʾān-Wissenschaften,an-Naḥl,an-Nahl,an-Nahl,an.naħl,extended
Qurʾān & Qurʾān-Wissenschaften,an-Naḥl,an-naḥl,an-Nahl,an.naħl,extended
Qurʾān & Qurʾān-Wissenschaften,an-Naḥl,an-nahl,an-Nahl,an.naħl,extended
Qurʾān & Qurʾān-Wissenschaften,al-Isrāʾ,al-Isrāʾ,al-Israa-,al.israːʔ,extended
Qurʾān & Qurʾān-Wissenschaften,al-Isrāʾ,al-Isra',al-Israa-,al.israːʔ,extended
Qurʾān & Qurʾān-Wissenschaften,al-Isrāʾ,al-Isra,al-Israa-,al.israːʔ,extended
Qurʾān & Qurʾān-Wissenschaften,al-Isrāʾ,al-isrāʾ,al-Israa-,al.israːʔ,extended
Qurʾān & Qurʾān-Wissenschaften,al-Isrāʾ,al-isra',al-Israa-,al.israːʔ,extended
Qurʾān & Qurʾān-Wissenschaften,al-Isrāʾ,al-isra,al-Israa-,al.israːʔ,extended
Qurʾān & Qurʾān-Wissenschaften,al-Kahf,al-Kahf,al-Kahf,al.kahf,extended
Qurʾān & Qurʾān-Wissenschaften,al-Kahf,al-kahf,al-Kahf,al.kahf,extended
Qurʾān & Qurʾān-Wissenschaften,Maryam,Maryam,Maryam,marjam,extended
Qurʾān & Qurʾān-Wissenschaften,Maryam,maryam,Maryam,marjam,extended
Qurʾān & Qurʾān-Wissenschaften,Ṭā-Hā,Ṭā-Hā,Taa-Haa,tˤaː.haː,extended
Qurʾān & Qurʾān-Wissenschaften,Ṭā-Hā,Ta-Ha,Taa-Haa,tˤaː.haː,extended
Qurʾān & Qurʾān-Wissenschaften,Ṭā-Hā,ṭā-hā,Taa-Haa,tˤaː.haː,extended
Qurʾān & Qurʾān-Wissenschaften,Ṭā-Hā,ta-ha,Taa-Haa,tˤaː.haː,extended
Qurʾān & Qurʾān-Wissenschaften,al-Anbiyāʾ,al-Anbiyāʾ,al-Anbiyaa-,al.anbijaːʔ,extended
Qurʾān & Qurʾān-Wissenschaften,al-Anbiyāʾ,al-Anbiya',al-Anbiyaa-,al.anbijaːʔ,extended
Qurʾān & Qurʾān-Wissenschaften,al-Anbiyāʾ,al-Anbiya,al-Anbiyaa-,al.anbijaːʔ,extended
Qurʾān & Qurʾān-Wissenschaften,al-Anbiyāʾ,al-anbiyāʾ,al-Anbiyaa-,al.anbijaːʔ,extended
Qurʾān & Qurʾān-Wissenschaften,al-Anbiyāʾ,al-anbiya',al-Anbiyaa-,al.anbijaːʔ,extended
Qurʾān & Qurʾān-Wissenschaften,al-Anbiyāʾ,al-anbiya,al-Anbiyaa-,al.anbijaːʔ,extended
Qurʾān & Qurʾān-Wissenschaften,al-Ḥaǧǧ,al-Ḥaǧǧ,al-Hadschdsch,al.ħad͡ʒd͡ʒ,extended
Qurʾān & Qurʾān-Wissenschaften,al-Ḥaǧǧ,al-Hajj,al-Hadschdsch,al.ħad͡ʒd͡ʒ,extended
Qurʾān & Qurʾān-Wissenschaften,al-Ḥaǧǧ,al-ḥaǧǧ,al-Hadschdsch,al.ħad͡ʒd͡ʒ,extended
Qurʾān & Qurʾān-Wissenschaften,al-Ḥaǧǧ,al-hajj,al-Hadschdsch,al.ħad͡ʒd͡ʒ,extended
Qurʾān & Qurʾān-Wissenschaften,al-Muʾminūn,al-Muʾminūn,al-Mu-minuun,al.muʔminuːn,extended
Qurʾān & Qurʾān-Wissenschaften,al-Muʾminūn,al-Mu'minun,al-Mu-minuun,al.muʔminuːn,extended
Qurʾān & Qurʾān-Wissenschaften,al-Muʾminūn,al-Muminun,al-Mu-minuun,al.muʔminuːn,extended
Qurʾān & Qurʾān-Wissenschaften,al-Muʾminūn,al-muʾminūn,al-Mu-minuun,al.muʔminuːn,extended
Qurʾān & Qurʾān-Wissenschaften,al-Muʾminūn,al-mu'minun,al-Mu-minuun,al.muʔminuːn,extended
Qurʾān & Qurʾān-Wissenschaften,al-Muʾminūn,al-muminun,al-Mu-minuun,al.muʔminuːn,extended
Qurʾān & Qurʾān-Wissenschaften,an-Nūr,an-Nūr,an-Nuur,an.nuːr,extended
Qurʾān & Qurʾān-Wissenschaften,an-Nūr,an-Nur,an-Nuur,an.nuːr,extended
Qurʾān & Qurʾān-Wissenschaften,an-Nūr,an-nūr,an-Nuur,an.nuːr,extended
Qurʾān & Qurʾān-Wissenschaften,an-Nūr,an-nur,an-Nuur,an.nuːr,extended
Qurʾān & Qurʾān-Wissenschaften,al-Furqān,al-Furqān,al-Furqaan,al.furqaːn,extended
Qurʾān & Qurʾān-Wissenschaften,al-Furqān,al-Furqan,al-Furqaan,al.furqaːn,extended
Qurʾān & Qurʾān-Wissenschaften,al-Furqān,al-furqān,al-Furqaan,al.furqaːn,extended
Qurʾān & Qurʾān-Wissenschaften,al-Furqān,al-furqan,al-Furqaan,al.furqaːn,extended
Qurʾān & Qurʾān-Wissenschaften,aš-Šuʿarāʾ,aš-Šuʿarāʾ,asch-Schu-araa-,aʃ.ʃuʕaraːʔ,extended
Qurʾān & Qurʾān-Wissenschaften,aš-Šuʿarāʾ,ash-Shu'ara',asch-Schu-araa-,aʃ.ʃuʕaraːʔ,extended
Qurʾān & Qurʾān-Wissenschaften,aš-Šuʿarāʾ,ash-Shuara,asch-Schu-araa-,aʃ.ʃuʕaraːʔ,extended
Qurʾān & Qurʾān-Wissenschaften,aš-Šuʿarāʾ,aš-šuʿarāʾ,asch-Schu-araa-,aʃ.ʃuʕaraːʔ,extended
Qurʾān & Qurʾān-Wissenschaften,aš-Šuʿarāʾ,ash-shu'ara',asch-Schu-araa-,aʃ.ʃuʕaraːʔ,extended
Qurʾān & Qurʾān-Wissenschaften,aš-Šuʿarāʾ,ash-shuara,asch-Schu-araa-,aʃ.ʃuʕaraːʔ,extended
Qurʾān & Qurʾān-Wissenschaften,an-Naml,an-Naml,an-Naml,an.naml,extended
Qurʾān & Qurʾān-Wissenschaften,an-Naml,an-naml,an-Naml,an.naml,extended
Qurʾān & Qurʾān-Wissenschaften,al-Qaṣaṣ,al-Qaṣaṣ,al-Qasas,al.qasˤasˤ,extended
Qurʾān & Qurʾān-Wissenschaften,al-Qaṣaṣ,al-Qasas,al-Qasas,al.qasˤasˤ,extended
Qurʾān & Qurʾān-Wissenschaften,al-Qaṣaṣ,al-qaṣaṣ,al-Qasas,al.qasˤasˤ,extended
Qurʾān & Qurʾān-Wissenschaften,al-Qaṣaṣ,al-qasas,al-Qasas,al.qasˤasˤ,extended
Qurʾān & Qurʾān-Wissenschaften,al-ʿAnkabūt,al-ʿAnkabūt,al-Ankabuut,al.ʕankabuːt,extended
Qurʾān & Qurʾān-Wissenschaften,al-ʿAnkabūt,al-'Ankabut,al-Ankabuut,al.ʕankabuːt,extended
Qurʾān & Qurʾān-Wissenschaften,al-ʿAnkabūt,al-Ankabut,al-Ankabuut,al.ʕankabuːt,extended
Qurʾān & Qurʾān-Wissenschaften,al-ʿAnkabūt,al-ʿankabūt,al-Ankabuut,al.ʕankabuːt,extended
Qurʾān & Qurʾān-Wissenschaften,al-ʿAnkabūt,al-'ankabut,al-Ankabuut,al.ʕankabuːt,extended
Qurʾān & Qurʾān-Wissenschaften,al-ʿAnkabūt,al-ankabut,al-Ankabuut,al.ʕankabuːt,extended
Qurʾān & Qurʾān-Wissenschaften,ar-Rūm,ar-Rūm,ar-Ruum,ar.ruːm,extended
Qurʾān & Qurʾān-Wissenschaften,ar-Rūm,ar-Rum,ar-Ruum,ar.ruːm,extended
Qurʾān & Qurʾān-Wissenschaften,ar-Rūm,ar-rūm,ar-Ruum,ar.ruːm,extended
Qurʾān & Qurʾān-Wissenschaften,ar-Rūm,ar-rum,ar-Ruum,ar.ruːm,extended
Qurʾān & Qurʾān-Wissenschaften,Luqmān,Luqmān,Luqmaan,luqmaːn,extended
Qurʾān & Qurʾān-Wissenschaften,Luqmān,Luqman,Luqmaan,luqmaːn,extended
Qurʾān & Qurʾān-Wissenschaften,Luqmān,luqmān,Luqmaan,luqmaːn,extended
Qurʾān & Qurʾān-Wissenschaften,Luqmān,luqman,Luqmaan,luqmaːn,extended
Qurʾān & Qurʾān-Wissenschaften,as-Saǧdah,as-Saǧdah,as-Sadschdah,as.sad͡ʒdah,extended
Qurʾān & Qurʾān-Wissenschaften,as-Saǧdah,as-Sajdah,as-Sadschdah,as.sad͡ʒdah,extended
Qurʾān & Qurʾān-Wissenschaften,as-Saǧdah,as-saǧdah,as-Sadschdah,as.sad͡ʒdah,extended
Qurʾān & Qurʾān-Wissenschaften,as-Saǧdah,as-sajdah,as-Sadschdah,as.sad͡ʒdah,extended
Qurʾān & Qurʾān-Wissenschaften,al-Aḥzāb,al-Aḥzāb,al-Ahzaab,al.aħzaːb,extended
Qurʾān & Qurʾān-Wissenschaften,al-Aḥzāb,al-Ahzab,al-Ahzaab,al.aħzaːb,extended
Qurʾān & Qurʾān-Wissenschaften,al-Aḥzāb,al-aḥzāb,al-Ahzaab,al.aħzaːb,extended
Qurʾān & Qurʾān-Wissenschaften,al-Aḥzāb,al-ahzab,al-Ahzaab,al.aħzaːb,extended
Qurʾān & Qurʾān-Wissenschaften,Sabaʾ,Sabaʾ,Saba-,sabaʔ,extended
Qurʾān & Qurʾān-Wissenschaften,Sabaʾ,Saba',Saba-,sabaʔ,extended
Qurʾān & Qurʾān-Wissenschaften,Sabaʾ,Saba,Saba-,sabaʔ,extended
Qurʾān & Qurʾān-Wissenschaften,Sabaʾ,sabaʾ,Saba-,sabaʔ,extended
Qurʾān & Qurʾān-Wissenschaften,Sabaʾ,saba',Saba-,sabaʔ,extended
Qurʾān & Qurʾān-Wissenschaften,Sabaʾ,saba,Saba-,sabaʔ,extended
Qurʾān & Qurʾān-Wissenschaften,Fāṭir,Fāṭir,Faatir,faːtˤir,extended
Qurʾān & Qurʾān-Wissenschaften,Fāṭir,Fatir,Faatir,faːtˤir,extended
Qurʾān & Qurʾān-Wissenschaften,Fāṭir,fāṭir,Faatir,faːtˤir,extended
Qurʾān & Qurʾān-Wissenschaften,Fāṭir,fatir,Faatir,faːtˤir,extended
Qurʾān & Qurʾān-Wissenschaften,Yā-Sīn,Yā-Sīn,Yaa-Siin,jaː.siːn,extended
Qurʾān & Qurʾān-Wissenschaften,Yā-Sīn,Ya-Sin,Yaa-Siin,jaː.siːn,extended
Qurʾān & Qurʾān-Wissenschaften,Yā-Sīn,yā-sīn,Yaa-Siin,jaː.siːn,extended
Qurʾān & Qurʾān-Wissenschaften,Yā-Sīn,ya-sin,Yaa-Siin,jaː.siːn,extended
Qurʾān & Qurʾān-Wissenschaften,aṣ-Ṣāffāt,aṣ-Ṣāffāt,as-Saaffaat,asˤ.sˤaːffaːt,extended
Qurʾān & Qurʾān-Wissenschaften,aṣ-Ṣāffāt,as-Saffat,as-Saaffaat,asˤ.sˤaːffaːt,extended
Qurʾān & Qurʾān-Wissenschaften,aṣ-Ṣāffāt,aṣ-ṣāffāt,as-Saaffaat,asˤ.sˤaːffaːt,extended
Qurʾān & Qurʾān-Wissenschaften,aṣ-Ṣāffāt,as-saffat,as-Saaffaat,asˤ.sˤaːffaːt,extended
Qurʾān & Qurʾān-Wissenschaften,Ṣād,Ṣād,Saad,sˤaːd,extended
Qurʾān & Qurʾān-Wissenschaften,Ṣād,Sad,Saad,sˤaːd,extended
Qurʾān & Qurʾān-Wissenschaften,Ṣād,ṣād,Saad,sˤaːd,extended
Qurʾān & Qurʾān-Wissenschaften,Ṣād,sad,Saad,sˤaːd,extended
Qurʾān & Qurʾān-Wissenschaften,az-Zumar,az-Zumar,az-Zumar,az.zumar,extended
Qurʾān & Qurʾān-Wissenschaften,az-Zumar,az-zumar,az-Zumar,az.zumar,extended
Qurʾān & Qurʾān-Wissenschaften,Ġāfir,Ġāfir,Ghaafir,ɣaːfir,extended
Qurʾān & Qurʾān-Wissenschaften,Ġāfir,Ghafir,Ghaafir,ɣaːfir,extended
Qurʾān & Qurʾān-Wissenschaften,Ġāfir,ġāfir,Ghaafir,ɣaːfir,extended
Qurʾān & Qurʾān-Wissenschaften,Ġāfir,ghafir,Ghaafir,ɣaːfir,extended
Qurʾān & Qurʾān-Wissenschaften,Fuṣṣilat,Fuṣṣilat,Fussilat,fusˤsˤilat,extended
Qurʾān & Qurʾān-Wissenschaften,Fuṣṣilat,Fussilat,Fussilat,fusˤsˤilat,extended
Qurʾān & Qurʾān-Wissenschaften,Fuṣṣilat,fuṣṣilat,Fussilat,fusˤsˤilat,extended
Qurʾān & Qurʾān-Wissenschaften,Fuṣṣilat,fussilat,Fussilat,fusˤsˤilat,extended
Qurʾān & Qurʾān-Wissenschaften,aš-Šūrā,aš-Šūrā,asch-Schuuraa,aʃ.ʃuːraː,extended
Qurʾān & Qurʾān-Wissenschaften,aš-Šūrā,ash-Shura,asch-Schuuraa,aʃ.ʃuːraː,extended
Qurʾān & Qurʾān-Wissenschaften,aš-Šūrā,aš-šūrā,asch-Schuuraa,aʃ.ʃuːraː,extended
Qurʾān & Qurʾān-Wissenschaften,aš-Šūrā,ash-shura,asch-Schuuraa,aʃ.ʃuːraː,extended
Qurʾān & Qurʾān-Wissenschaften,az-Zuḫruf,az-Zuḫruf,az-Zuchruf,az.zuxruf,extended
Qurʾān & Qurʾān-Wissenschaften,az-Zuḫruf,az-Zukhruf,az-Zuchruf,az.zuxruf,extended
Qurʾān & Qurʾān-Wissenschaften,az-Zuḫruf,az-zuḫruf,az-Zuchruf,az.zuxruf,extended
Qurʾān & Qurʾān-Wissenschaften,az-Zuḫruf,az-zukhruf,az-Zuchruf,az.zuxruf,extended
Qurʾān & Qurʾān-Wissenschaften,ad-Duḫān,ad-Duḫān,ad-Duchaan,ad.duxaːn,extended
Qurʾān & Qurʾān-Wissenschaften,ad-Duḫān,ad-Dukhan,ad-Duchaan,ad.duxaːn,extended
Qurʾān & Qurʾān-Wissenschaften,ad-Duḫān,ad-duḫān,ad-Duchaan,ad.duxaːn,extended
Qurʾān & Qurʾān-Wissenschaften,ad-Duḫān,ad-dukhan,ad-Duchaan,ad.duxaːn,extended
Qurʾān & Qurʾān-Wissenschaften,al-Ǧāṯiyah,al-Ǧāṯiyah,al-Dschaathiyah,al.d͡ʒaːθijah,extended
Qurʾān & Qurʾān-Wissenschaften,al-Ǧāṯiyah,al-Jathiyah,al-Dschaathiyah,al.d͡ʒaːθijah,extended
Qurʾān & Qurʾān-Wissenschaften,al-Ǧāṯiyah,al-ǧāṯiyah,al-Dschaathiyah,al.d͡ʒaːθijah,extended
Qurʾān & Qurʾān-Wissenschaften,al-Ǧāṯiyah,al-jathiyah,al-Dschaathiyah,al.d͡ʒaːθijah,extended
Qurʾān & Qurʾān-Wissenschaften,al-Aḥqāf,al-Aḥqāf,al-Ahqaaf,al.aħqaːf,extended
Qurʾān & Qurʾān-Wissenschaften,al-Aḥqāf,al-Ahqaf,al-Ahqaaf,al.aħqaːf,extended
Qurʾān & Qurʾān-Wissenschaften,al-Aḥqāf,al-aḥqāf,al-Ahqaaf,al.aħqaːf,extended
Qurʾān & Qurʾān-Wissenschaften,al-Aḥqāf,al-ahqaf,al-Ahqaaf,al.aħqaːf,extended
Qurʾān & Qurʾān-Wissenschaften,Muḥammad,Muḥammad,Muhammad,muˈħammad,extended
Qurʾān & Qurʾān-Wissenschaften,Muḥammad,Muhammad,Muhammad,muˈħammad,extended
Qurʾān & Qurʾān-Wissenschaften,Muḥammad,muḥammad,Muhammad,muˈħammad,extended
Qurʾān & Qurʾān-Wissenschaften,Muḥammad,muhammad,Muhammad,muˈħammad,extended
Qurʾān & Qurʾān-Wissenschaften,al-Fatḥ,al-Fatḥ,al-Fath,al.fatħ,extended
Qurʾān & Qurʾān-Wissenschaften,al-Fatḥ,al-Fath,al-Fath,al.fatħ,extended
Qurʾān & Qurʾān-Wissenschaften,al-Fatḥ,al-fatḥ,al-Fath,al.fatħ,extended
Qurʾān & Qurʾān-Wissenschaften,al-Fatḥ,al-fath,al-Fath,al.fatħ,extended
Qurʾān & Qurʾān-Wissenschaften,al-Ḥuǧurāt,al-Ḥuǧurāt,al-Hudschuraat,al.ħud͡ʒuraːt,extended
Qurʾān & Qurʾān-Wissenschaften,al-Ḥuǧurāt,al-Hujurat,al-Hudschuraat,al.ħud͡ʒuraːt,extended
Qurʾān & Qurʾān-Wissenschaften,al-Ḥuǧurāt,al-ḥuǧurāt,al-Hudschuraat,al.ħud͡ʒuraːt,extended
Qurʾān & Qurʾān-Wissenschaften,al-Ḥuǧurāt,al-hujurat,al-Hudschuraat,al.ħud͡ʒuraːt,extended
Qurʾān & Qurʾān-Wissenschaften,Qāf,Qāf,Qaaf,qaːf,extended
Qurʾān & Qurʾān-Wissenschaften,Qāf,Qaf,Qaaf,qaːf,extended
Qurʾān & Qurʾān-Wissenschaften,Qāf,qāf,Qaaf,qaːf,extended
Qurʾān & Qurʾān-Wissenschaften,Qāf,qaf,Qaaf,qaːf,extended
Qurʾān & Qurʾān-Wissenschaften,aḏ-Ḏāriyāt,aḏ-Ḏāriyāt,adh-Dhaariyaat,að.ðaːrijaːt,extended
Qurʾān & Qurʾān-Wissenschaften,aḏ-Ḏāriyāt,adh-Dhariyat,adh-Dhaariyaat,að.ðaːrijaːt,extended
Qurʾān & Qurʾān-Wissenschaften,aḏ-Ḏāriyāt,aḏ-ḏāriyāt,adh-Dhaariyaat,að.ðaːrijaːt,extended
Qurʾān & Qurʾān-Wissenschaften,aḏ-Ḏāriyāt,adh-dhariyat,adh-Dhaariyaat,að.ðaːrijaːt,extended
Qurʾān & Qurʾān-Wissenschaften,aṭ-Ṭūr,aṭ-Ṭūr,at-Tuur,atˤ.tˤuːr,extended
Qurʾān & Qurʾān-Wissenschaften,aṭ-Ṭūr,at-Tur,at-Tuur,atˤ.tˤuːr,extended
Qurʾān & Qurʾān-Wissenschaften,aṭ-Ṭūr,aṭ-ṭūr,at-Tuur,atˤ.tˤuːr,extended
Qurʾān & Qurʾān-Wissenschaften,aṭ-Ṭūr,at-tur,at-Tuur,atˤ.tˤuːr,extended
Qurʾān & Qurʾān-Wissenschaften,an-Naǧm,an-Naǧm,an-Nadschm,an.nad͡ʒm,extended
Qurʾān & Qurʾān-Wissenschaften,an-Naǧm,an-Najm,an-Nadschm,an.nad͡ʒm,extended
Qurʾān & Qurʾān-Wissenschaften,an-Naǧm,an-naǧm,an-Nadschm,an.nad͡ʒm,extended
Qurʾān & Qurʾān-Wissenschaften,an-Naǧm,an-najm,an-Nadschm,an.nad͡ʒm,extended
Qurʾān & Qurʾān-Wissenschaften,al-Qamar,al-Qamar,al-Qamar,al.qamar,extended
Qurʾān & Qurʾān-Wissenschaften,al-Qamar,al-qamar,al-Qamar,al.qamar,extended
Qurʾān & Qurʾān-Wissenschaften,ar-Raḥmān,ar-Raḥmān,ar-Rahmaan,ar.raħmaːn,extended
Qurʾān & Qurʾān-Wissenschaften,ar-Raḥmān,ar-Rahman,ar-Rahmaan,ar.raħmaːn,extended
Qurʾān & Qurʾān-Wissenschaften,ar-Raḥmān,ar-raḥmān,ar-Rahmaan,ar.raħmaːn,extended
Qurʾān & Qurʾān-Wissenschaften,ar-Raḥmān,ar-rahman,ar-Rahmaan,ar.raħmaːn,extended
Qurʾān & Qurʾān-Wissenschaften,al-Wāqiʿah,al-Wāqiʿah,al-Waaqi-ah,al.waːqiʕah,extended
Qurʾān & Qurʾān-Wissenschaften,al-Wāqiʿah,al-Waqi'ah,al-Waaqi-ah,al.waːqiʕah,extended
Qurʾān & Qurʾān-Wissenschaften,al-Wāqiʿah,al-Waqiah,al-Waaqi-ah,al.waːqiʕah,extended
Qurʾān & Qurʾān-Wissenschaften,al-Wāqiʿah,al-wāqiʿah,al-Waaqi-ah,al.waːqiʕah,extended
Qurʾān & Qurʾān-Wissenschaften,al-Wāqiʿah,al-waqi'ah,al-Waaqi-ah,al.waːqiʕah,extended
Qurʾān & Qurʾān-Wissenschaften,al-Wāqiʿah,al-waqiah,al-Waaqi-ah,al.waːqiʕah,extended
Qurʾān & Qurʾān-Wissenschaften,al-Ḥadīd,al-Ḥadīd,al-Hadiid,al.ħadiːd,extended
Qurʾān & Qurʾān-Wissenschaften,al-Ḥadīd,al-Hadid,al-Hadiid,al.ħadiːd,extended
Qurʾān & Qurʾān-Wissenschaften,al-Ḥadīd,al-ḥadīd,al-Hadiid,al.ħadiːd,extended
Qurʾān & Qurʾān-Wissenschaften,al-Ḥadīd,al-hadid,al-Hadiid,al.ħadiːd,extended
Qurʾān & Qurʾān-Wissenschaften,al-Muǧādilah,al-Muǧādilah,al-Mudschaadilah,al.mud͡ʒaːdilah,extended
Qurʾān & Qurʾān-Wissenschaften,al-Muǧādilah,al-Mujadilah,al-Mudschaadilah,al.mud͡ʒaːdilah,extended
Qurʾān & Qurʾān-Wissenschaften,al-Muǧādilah,al-muǧādilah,al-Mudschaadilah,al.mud͡ʒaːdilah,extended
Qurʾān & Qurʾān-Wissenschaften,al-Muǧādilah,al-mujadilah,al-Mudschaadilah,al.mud͡ʒaːdilah,extended
Qurʾān & Qurʾān-Wissenschaften,al-Ḥašr,al-Ḥašr,al-Haschr,al.ħaʃr,extended
Qurʾān & Qurʾān-Wissenschaften,al-Ḥašr,al-Hashr,al-Haschr,al.ħaʃr,extended
Qurʾān & Qurʾān-Wissenschaften,al-Ḥašr,al-ḥašr,al-Haschr,al.ħaʃr,extended
Qurʾān & Qurʾān-Wissenschaften,al-Ḥašr,al-hashr,al-Haschr,al.ħaʃr,extended
Qurʾān & Qurʾān-Wissenschaften,al-Mumtaḥanah,al-Mumtaḥanah,al-Mumtahanah,al.mumtaħanah,extended
Qurʾān & Qurʾān-Wissenschaften,al-Mumtaḥanah,al-Mumtahanah,al-Mumtahanah,al.mumtaħanah,extended
Qurʾān & Qurʾān-Wissenschaften,al-Mumtaḥanah,al-mumtaḥanah,al-Mumtahanah,al.mumtaħanah,extended
Qurʾān & Qurʾān-Wissenschaften,al-Mumtaḥanah,al-mumtahanah,al-Mumtahanah,al.mumtaħanah,extended
Qurʾān & Qurʾān-Wissenschaften,aṣ-Ṣaff,aṣ-Ṣaff,as-Saff,asˤ.sˤaff,extended
Qurʾān & Qurʾān-Wissenschaften,aṣ-Ṣaff,as-Saff,as-Saff,asˤ.sˤaff,extended
Qurʾān & Qurʾān-Wissenschaften,aṣ-Ṣaff,aṣ-ṣaff,as-Saff,asˤ.sˤaff,extended
Qurʾān & Qurʾān-Wissenschaften,aṣ-Ṣaff,as-saff,as-Saff,asˤ.sˤaff,extended
Qurʾān & Qurʾān-Wissenschaften,al-Ǧumuʿah,al-Ǧumuʿah,al-Dschumu-ah,al.d͡ʒumuʕah,extended
Qurʾān & Qurʾān-Wissenschaften,al-Ǧumuʿah,al-Jumu'ah,al-Dschumu-ah,al.d͡ʒumuʕah,extended
Qurʾān & Qurʾān-Wissenschaften,al-Ǧumuʿah,al-Jumuah,al-Dschumu-ah,al.d͡ʒumuʕah,extended
Qurʾān & Qurʾān-Wissenschaften,al-Ǧumuʿah,al-ǧumuʿah,al-Dschumu-ah,al.d͡ʒumuʕah,extended
Qurʾān & Qurʾān-Wissenschaften,al-Ǧumuʿah,al-jumu'ah,al-Dschumu-ah,al.d͡ʒumuʕah,extended
Qurʾān & Qurʾān-Wissenschaften,al-Ǧumuʿah,al-jumuah,al-Dschumu-ah,al.d͡ʒumuʕah,extended
Qurʾān & Qurʾān-Wissenschaften,al-Munāfiqūn,al-Munāfiqūn,al-Munaafiquun,al.munaːfiquːn,extended
Qurʾān & Qurʾān-Wissenschaften,al-Munāfiqūn,al-Munafiqun,al-Munaafiquun,al.munaːfiquːn,extended
Qurʾān & Qurʾān-Wissenschaften,al-Munāfiqūn,al-munāfiqūn,al-Munaafiquun,al.munaːfiquːn,extended
Qurʾān & Qurʾān-Wissenschaften,al-Munāfiqūn,al-munafiqun,al-Munaafiquun,al.munaːfiquːn,extended
Qurʾān & Qurʾān-Wissenschaften,at-Taġābun,at-Taġābun,at-Taghaabun,at.taɣaːbun,extended
Qurʾān & Qurʾān-Wissenschaften,at-Taġābun,at-Taghabun,at-Taghaabun,at.taɣaːbun,extended
Qurʾān & Qurʾān-Wissenschaften,at-Taġābun,at-taġābun,at-Taghaabun,at.taɣaːbun,extended
Qurʾān & Qurʾān-Wissenschaften,at-Taġābun,at-taghabun,at-Taghaabun,at.taɣaːbun,extended
Qurʾān & Qurʾān-Wissenschaften,aṭ-Ṭalāq,aṭ-Ṭalāq,at-Talaaq,atˤ.tˤalaːq,extended
Qurʾān & Qurʾān-Wissenschaften,aṭ-Ṭalāq,at-Talaq,at-Talaaq,atˤ.tˤalaːq,extended
Qurʾān & Qurʾān-Wissenschaften,aṭ-Ṭalāq,aṭ-ṭalāq,at-Talaaq,atˤ.tˤalaːq,extended
Qurʾān & Qurʾān-Wissenschaften,aṭ-Ṭalāq,at-talaq,at-Talaaq,atˤ.tˤalaːq,extended
Qurʾān & Qurʾān-Wissenschaften,at-Taḥrīm,at-Taḥrīm,at-Tahriim,at.taħriːm,extended
Qurʾān & Qurʾān-Wissenschaften,at-Taḥrīm,at-Tahrim,at-Tahriim,at.taħriːm,extended
Qurʾān & Qurʾān-Wissenschaften,at-Taḥrīm,at-taḥrīm,at-Tahriim,at.taħriːm,extended
Qurʾān & Qurʾān-Wissenschaften,at-Taḥrīm,at-tahrim,at-Tahriim,at.taħriːm,extended
Qurʾān & Qurʾān-Wissenschaften,al-Mulk,al-Mulk,al-Mulk,al.mulk,extended
Qurʾān & Qurʾān-Wissenschaften,al-Mulk,al-mulk,al-Mulk,al.mulk,extended
Qurʾān & Qurʾān-Wissenschaften,al-Qalam,al-Qalam,al-Qalam,al.qalam,extended
Qurʾān & Qurʾān-Wissenschaften,al-Qalam,al-qalam,al-Qalam,al.qalam,extended
Qurʾān & Qurʾān-Wissenschaften,al-Ḥāqqah,al-Ḥāqqah,al-Haaqqah,al.ħaːqqah,extended
Qurʾān & Qurʾān-Wissenschaften,al-Ḥāqqah,al-Haqqah,al-Haaqqah,al.ħaːqqah,extended
Qurʾān & Qurʾān-Wissenschaften,al-Ḥāqqah,al-ḥāqqah,al-Haaqqah,al.ħaːqqah,extended
Qurʾān & Qurʾān-Wissenschaften,al-Ḥāqqah,al-haqqah,al-Haaqqah,al.ħaːqqah,extended
Qurʾān & Qurʾān-Wissenschaften,al-Maʿāriǧ,al-Maʿāriǧ,al-Ma-aaridsch,al.maʕaːrid͡ʒ,extended
Qurʾān & Qurʾān-Wissenschaften,al-Maʿāriǧ,al-Ma'arij,al-Ma-aaridsch,al.maʕaːrid͡ʒ,extended
Qurʾān & Qurʾān-Wissenschaften,al-Maʿāriǧ,al-Maarij,al-Ma-aaridsch,al.maʕaːrid͡ʒ,extended
Qurʾān & Qurʾān-Wissenschaften,al-Maʿāriǧ,al-maʿāriǧ,al-Ma-aaridsch,al.maʕaːrid͡ʒ,extended
Qurʾān & Qurʾān-Wissenschaften,al-Maʿāriǧ,al-ma'arij,al-Ma-aaridsch,al.maʕaːrid͡ʒ,extended
Qurʾān & Qurʾān-Wissenschaften,al-Maʿāriǧ,al-maarij,al-Ma-aaridsch,al.maʕaːrid͡ʒ,extended
Qurʾān & Qurʾān-Wissenschaften,Nūḥ,Nūḥ,Nuuh,nuːħ,extended
Qurʾān & Qurʾān-Wissenschaften,Nūḥ,Nuh,Nuuh,nuːħ,extended
Qurʾān & Qurʾān-Wissenschaften,Nūḥ,nūḥ,Nuuh,nuːħ,extended
Qurʾān & Qurʾān-Wissenschaften,Nūḥ,nuh,Nuuh,nuːħ,extended
Qurʾān & Qurʾān-Wissenschaften,al-Ǧinn,al-Ǧinn,al-Dschinn,al.d͡ʒinn,extended
Qurʾān & Qurʾān-Wissenschaften,al-Ǧinn,al-Jinn,al-Dschinn,al.d͡ʒinn,extended
Qurʾān & Qurʾān-Wissenschaften,al-Ǧinn,al-ǧinn,al-Dschinn,al.d͡ʒinn,extended
Qurʾān & Qurʾān-Wissenschaften,al-Ǧinn,al-jinn,al-Dschinn,al.d͡ʒinn,extended
Qurʾān & Qurʾān-Wissenschaften,al-Muzzammil,al-Muzzammil,al-Muzzammil,al.muzzammil,extended
Qurʾān & Qurʾān-Wissenschaften,al-Muzzammil,al-muzzammil,al-Muzzammil,al.muzzammil,extended
Qurʾān & Qurʾān-Wissenschaften,al-Muddaṯṯir,al-Muddaṯṯir,al-Muddaththir,al.muddaθθir,extended
Qurʾān & Qurʾān-Wissenschaften,al-Muddaṯṯir,al-Muddaththir,al-Muddaththir,al.muddaθθir,extended
Qurʾān & Qurʾān-Wissenschaften,al-Muddaṯṯir,al-muddaṯṯir,al-Muddaththir,al.muddaθθir,extended
Qurʾān & Qurʾān-Wissenschaften,al-Muddaṯṯir,al-muddaththir,al-Muddaththir,al.muddaθθir,extended
Qurʾān & Qurʾān-Wissenschaften,al-Qiyāmah,al-Qiyāmah,al-Qiyaamah,al.qijaːmah,extended
Qurʾān & Qurʾān-Wissenschaften,al-Qiyāmah,al-Qiyamah,al-Qiyaamah,al.qijaːmah,extended
Qurʾān & Qurʾān-Wissenschaften,al-Qiyāmah,al-qiyāmah,al-Qiyaamah,al.qijaːmah,extended
Qurʾān & Qurʾān-Wissenschaften,al-Qiyāmah,al-qiyamah,al-Qiyaamah,al.qijaːmah,extended
Qurʾān & Qurʾān-Wissenschaften,al-Insān,al-Insān,al-Insaan,al.insaːn,extended
Qurʾān & Qurʾān-Wissenschaften,al-Insān,al-Insan,al-Insaan,al.insaːn,extended
Qurʾān & Qurʾān-Wissenschaften,al-Insān,al-insān,al-Insaan,al.insaːn,extended
Qurʾān & Qurʾān-Wissenschaften,al-Insān,al-insan,al-Insaan,al.insaːn,extended
Qurʾān & Qurʾān-Wissenschaften,al-Mursalāt,al-Mursalāt,al-Mursalaat,al.mursalaːt,extended
Qurʾān & Qurʾān-Wissenschaften,al-Mursalāt,al-Mursalat,al-Mursalaat,al.mursalaːt,extended
Qurʾān & Qurʾān-Wissenschaften,al-Mursalāt,al-mursalāt,al-Mursalaat,al.mursalaːt,extended
Qurʾān & Qurʾān-Wissenschaften,al-Mursalāt,al-mursalat,al-Mursalaat,al.mursalaːt,extended
Qurʾān & Qurʾān-Wissenschaften,an-Nabaʾ,an-Nabaʾ,an-Naba-,an.nabaʔ,extended
Qurʾān & Qurʾān-Wissenschaften,an-Nabaʾ,an-Naba',an-Naba-,an.nabaʔ,extended
Qurʾān & Qurʾān-Wissenschaften,an-Nabaʾ,an-Naba,an-Naba-,an.nabaʔ,extended
Qurʾān & Qurʾān-Wissenschaften,an-Nabaʾ,an-nabaʾ,an-Naba-,an.nabaʔ,extended
Qurʾān & Qurʾān-Wissenschaften,an-Nabaʾ,an-naba',an-Naba-,an.nabaʔ,extended
Qurʾān & Qurʾān-Wissenschaften,an-Nabaʾ,an-naba,an-Naba-,an.nabaʔ,extended
Qurʾān & Qurʾān-Wissenschaften,an-Nāziʿāt,an-Nāziʿāt,an-Naazi-aat,an.naːziʕaːt,extended
Qurʾān & Qurʾān-Wissenschaften,an-Nāziʿāt,an-Nazi'at,an-Naazi-aat,an.naːziʕaːt,extended
Qurʾān & Qurʾān-Wissenschaften,an-Nāziʿāt,an-Naziat,an-Naazi-aat,an.naːziʕaːt,extended
Qurʾān & Qurʾān-Wissenschaften,an-Nāziʿāt,an-nāziʿāt,an-Naazi-aat,an.naːziʕaːt,extended
Qurʾān & Qurʾān-Wissenschaften,an-Nāziʿāt,an-nazi'at,an-Naazi-aat,an.naːziʕaːt,extended
Qurʾān & Qurʾān-Wissenschaften,an-Nāziʿāt,an-naziat,an-Naazi-aat,an.naːziʕaːt,extended
Qurʾān & Qurʾān-Wissenschaften,ʿAbasa,ʿAbasa,-Abasa,ʕabasa,extended
Qurʾān & Qurʾān-Wissenschaften,ʿAbasa,'Abasa,-Abasa,ʕabasa,extended
Qurʾān & Qurʾān-Wissenschaften,ʿAbasa,Abasa,-Abasa,ʕabasa,extended
Qurʾān & Qurʾān-Wissenschaften,ʿAbasa,ʿabasa,-Abasa,ʕabasa,extended
Qurʾān & Qurʾān-Wissenschaften,ʿAbasa,'abasa,-Abasa,ʕabasa,extended
Qurʾān & Qurʾān-Wissenschaften,ʿAbasa,abasa,-Abasa,ʕabasa,extended
Qurʾān & Qurʾān-Wissenschaften,at-Takwīr,at-Takwīr,at-Takwiir,at.takwiːr,extended
Qurʾān & Qurʾān-Wissenschaften,at-Takwīr,at-Takwir,at-Takwiir,at.takwiːr,extended
Qurʾān & Qurʾān-Wissenschaften,at-Takwīr,at-takwīr,at-Takwiir,at.takwiːr,extended
Qurʾān & Qurʾān-Wissenschaften,at-Takwīr,at-takwir,at-Takwiir,at.takwiːr,extended
Qurʾān & Qurʾān-Wissenschaften,al-Infiṭār,al-Infiṭār,al-Infitaar,al.infitˤaːr,extended
Qurʾān & Qurʾān-Wissenschaften,al-Infiṭār,al-Infitar,al-Infitaar,al.infitˤaːr,extended
Qurʾān & Qurʾān-Wissenschaften,al-Infiṭār,al-infiṭār,al-Infitaar,al.infitˤaːr,extended
Qurʾān & Qurʾān-Wissenschaften,al-Infiṭār,al-infitar,al-Infitaar,al.infitˤaːr,extended
Qurʾān & Qurʾān-Wissenschaften,al-Muṭaffifīn,al-Muṭaffifīn,al-Mutaffifiin,al.mutˤaffifiːn,extended
Qurʾān & Qurʾān-Wissenschaften,al-Muṭaffifīn,al-Mutaffifin,al-Mutaffifiin,al.mutˤaffifiːn,extended
Qurʾān & Qurʾān-Wissenschaften,al-Muṭaffifīn,al-muṭaffifīn,al-Mutaffifiin,al.mutˤaffifiːn,extended
Qurʾān & Qurʾān-Wissenschaften,al-Muṭaffifīn,al-mutaffifin,al-Mutaffifiin,al.mutˤaffifiːn,extended
Qurʾān & Qurʾān-Wissenschaften,al-Inšiqāq,al-Inšiqāq,al-Inschiqaaq,al.inʃiqaːq,extended
Qurʾān & Qurʾān-Wissenschaften,al-Inšiqāq,al-Inshiqaq,al-Inschiqaaq,al.inʃiqaːq,extended
Qurʾān & Qurʾān-Wissenschaften,al-Inšiqāq,al-inšiqāq,al-Inschiqaaq,al.inʃiqaːq,extended
Qurʾān & Qurʾān-Wissenschaften,al-Inšiqāq,al-inshiqaq,al-Inschiqaaq,al.inʃiqaːq,extended
Qurʾān & Qurʾān-Wissenschaften,al-Burūǧ,al-Burūǧ,al-Buruudsch,al.buruːd͡ʒ,extended
Qurʾān & Qurʾān-Wissenschaften,al-Burūǧ,al-Buruj,al-Buruudsch,al.buruːd͡ʒ,extended
Qurʾān & Qurʾān-Wissenschaften,al-Burūǧ,al-burūǧ,al-Buruudsch,al.buruːd͡ʒ,extended
Qurʾān & Qurʾān-Wissenschaften,al-Burūǧ,al-buruj,al-Buruudsch,al.buruːd͡ʒ,extended
Qurʾān & Qurʾān-Wissenschaften,aṭ-Ṭāriq,aṭ-Ṭāriq,at-Taariq,atˤ.tˤaːriq,extended
Qurʾān & Qurʾān-Wissenschaften,aṭ-Ṭāriq,at-Tariq,at-Taariq,atˤ.tˤaːriq,extended
Qurʾān & Qurʾān-Wissenschaften,aṭ-Ṭāriq,aṭ-ṭāriq,at-Taariq,atˤ.tˤaːriq,extended
Qurʾān & Qurʾān-Wissenschaften,aṭ-Ṭāriq,at-tariq,at-Taariq,atˤ.tˤaːriq,extended
Qurʾān & Qurʾān-Wissenschaften,al-Aʿlā,al-Aʿlā,al-A-laa,al.aʕlaː,extended
Qurʾān & Qurʾān-Wissenschaften,al-Aʿlā,al-A'la,al-A-laa,al.aʕlaː,extended
Qurʾān & Qurʾān-Wissenschaften,al-Aʿlā,al-Ala,al-A-laa,al.aʕlaː,extended
Qurʾān & Qurʾān-Wissenschaften,al-Aʿlā,al-aʿlā,al-A-laa,al.aʕlaː,extended
Qurʾān & Qurʾān-Wissenschaften,al-Aʿlā,al-a'la,al-A-laa,al.aʕlaː,extended
Qurʾān & Qurʾān-Wissenschaften,al-Aʿlā,al-ala,al-A-laa,al.aʕlaː,extended
Qurʾān & Qurʾān-Wissenschaften,al-Ġāšiyah,al-Ġāšiyah,al-Ghaaschiyah,al.ɣaːʃijah,extended
Qurʾān & Qurʾān-Wissenschaften,al-Ġāšiyah,al-Ghashiyah,al-Ghaaschiyah,al.ɣaːʃijah,extended
Qurʾān & Qurʾān-Wissenschaften,al-Ġāšiyah,al-ġāšiyah,al-Ghaaschiyah,al.ɣaːʃijah,extended
Qurʾān & Qurʾān-Wissenschaften,al-Ġāšiyah,al-ghashiyah,al-Ghaaschiyah,al.ɣaːʃijah,extended
Qurʾān & Qurʾān-Wissenschaften,al-Faǧr,al-Faǧr,al-Fadschr,al.fad͡ʒr,extended
Qurʾān & Qurʾān-Wissenschaften,al-Faǧr,al-Fajr,al-Fadschr,al.fad͡ʒr,extended
Qurʾān & Qurʾān-Wissenschaften,al-Faǧr,al-faǧr,al-Fadschr,al.fad͡ʒr,extended
Qurʾān & Qurʾān-Wissenschaften,al-Faǧr,al-fajr,al-Fadschr,al.fad͡ʒr,extended
Qurʾān & Qurʾān-Wissenschaften,al-Balad,al-Balad,al-Balad,al.balad,extended
Qurʾān & Qurʾān-Wissenschaften,al-Balad,al-balad,al-Balad,al.balad,extended
Qurʾān & Qurʾān-Wissenschaften,aš-Šams,aš-Šams,asch-Schams,aʃ.ʃams,extended
Qurʾān & Qurʾān-Wissenschaften,aš-Šams,ash-Shams,asch-Schams,aʃ.ʃams,extended
Qurʾān & Qurʾān-Wissenschaften,aš-Šams,aš-šams,asch-Schams,aʃ.ʃams,extended
Qurʾān & Qurʾān-Wissenschaften,aš-Šams,ash-shams,asch-Schams,aʃ.ʃams,extended
Qurʾān & Qurʾān-Wissenschaften,al-Layl,al-Layl,al-Layl,al.lajl,extended
Qurʾān & Qurʾān-Wissenschaften,al-Layl,al-layl,al-Layl,al.lajl,extended
Qurʾān & Qurʾān-Wissenschaften,aḍ-Ḍuḥā,aḍ-Ḍuḥā,ad-Duhaa,adˤ.dˤuħaː,extended
Qurʾān & Qurʾān-Wissenschaften,aḍ-Ḍuḥā,ad-Duha,ad-Duhaa,adˤ.dˤuħaː,extended
Qurʾān & Qurʾān-Wissenschaften,aḍ-Ḍuḥā,aḍ-ḍuḥā,ad-Duhaa,adˤ.dˤuħaː,extended
Qurʾān & Qurʾān-Wissenschaften,aḍ-Ḍuḥā,ad-duha,ad-Duhaa,adˤ.dˤuħaː,extended
Qurʾān & Qurʾān-Wissenschaften,aš-Šarḥ,aš-Šarḥ,asch-Scharh,aʃ.ʃarħ,extended
Qurʾān & Qurʾān-Wissenschaften,aš-Šarḥ,ash-Sharh,asch-Scharh,aʃ.ʃarħ,extended
Qurʾān & Qurʾān-Wissenschaften,aš-Šarḥ,aš-šarḥ,asch-Scharh,aʃ.ʃarħ,extended
Qurʾān & Qurʾān-Wissenschaften,aš-Šarḥ,ash-sharh,asch-Scharh,aʃ.ʃarħ,extended
Qurʾān & Qurʾān-Wissenschaften,at-Tīn,at-Tīn,at-Tiin,at.tiːn,extended
Qurʾān & Qurʾān-Wissenschaften,at-Tīn,at-Tin,at-Tiin,at.tiːn,extended
Qurʾān & Qurʾān-Wissenschaften,at-Tīn,at-tīn,at-Tiin,at.tiːn,extended
Qurʾān & Qurʾān-Wissenschaften,at-Tīn,at-tin,at-Tiin,at.tiːn,extended
Qurʾān & Qurʾān-Wissenschaften,al-ʿAlaq,al-ʿAlaq,al-Alaq,al.ʕalaq,extended
Qurʾān & Qurʾān-Wissenschaften,al-ʿAlaq,al-'Alaq,al-Alaq,al.ʕalaq,extended
Qurʾān & Qurʾān-Wissenschaften,al-ʿAlaq,al-Alaq,al-Alaq,al.ʕalaq,extended
Qurʾān & Qurʾān-Wissenschaften,al-ʿAlaq,al-ʿalaq,al-Alaq,al.ʕalaq,extended
Qurʾān & Qurʾān-Wissenschaften,al-ʿAlaq,al-'alaq,al-Alaq,al.ʕalaq,extended
Qurʾān & Qurʾān-Wissenschaften,al-ʿAlaq,al-alaq,al-Alaq,al.ʕalaq,extended
Qurʾān & Qurʾān-Wissenschaften,al-Qadr,al-Qadr,al-Qadr,al.qadr,extended
Qurʾān & Qurʾān-Wissenschaften,al-Qadr,al-qadr,al-Qadr,al.qadr,extended
Qurʾān & Qurʾān-Wissenschaften,al-Bayyinah,al-Bayyinah,al-Bayyinah,al.bajjinah,extended
Qurʾān & Qurʾān-Wissenschaften,al-Bayyinah,al-bayyinah,al-Bayyinah,al.bajjinah,extended
Qurʾān & Qurʾān-Wissenschaften,az-Zalzalah,az-Zalzalah,az-Zalzalah,az.zalzalah,extended
Qurʾān & Qurʾān-Wissenschaften,az-Zalzalah,az-zalzalah,az-Zalzalah,az.zalzalah,extended
Qurʾān & Qurʾān-Wissenschaften,al-ʿĀdiyāt,al-ʿĀdiyāt,al-Aadiyaat,al.ʕaːdijaːt,extended
Qurʾān & Qurʾān-Wissenschaften,al-ʿĀdiyāt,al-'Adiyat,al-Aadiyaat,al.ʕaːdijaːt,extended
Qurʾān & Qurʾān-Wissenschaften,al-ʿĀdiyāt,al-Adiyat,al-Aadiyaat,al.ʕaːdijaːt,extended
Qurʾān & Qurʾān-Wissenschaften,al-ʿĀdiyāt,al-ʿādiyāt,al-Aadiyaat,al.ʕaːdijaːt,extended
Qurʾān & Qurʾān-Wissenschaften,al-ʿĀdiyāt,al-'adiyat,al-Aadiyaat,al.ʕaːdijaːt,extended
Qurʾān & Qurʾān-Wissenschaften,al-ʿĀdiyāt,al-adiyat,al-Aadiyaat,al.ʕaːdijaːt,extended
Qurʾān & Qurʾān-Wissenschaften,al-Qāriʿah,al-Qāriʿah,al-Qaari-ah,al.qaːriʕah,extended
Qurʾān & Qurʾān-Wissenschaften,al-Qāriʿah,al-Qari'ah,al-Qaari-ah,al.qaːriʕah,extended
Qurʾān & Qurʾān-Wissenschaften,al-Qāriʿah,al-Qariah,al-Qaari-ah,al.qaːriʕah,extended
Qurʾān & Qurʾān-Wissenschaften,al-Qāriʿah,al-qāriʿah,al-Qaari-ah,al.qaːriʕah,extended
Qurʾān & Qurʾān-Wissenschaften,al-Qāriʿah,al-qari'ah,al-Qaari-ah,al.qaːriʕah,extended
Qurʾān & Qurʾān-Wissenschaften,al-Qāriʿah,al-qariah,al-Qaari-ah,al.qaːriʕah,extended
Qurʾān & Qurʾān-Wissenschaften,at-Takāṯur,at-Takāṯur,at-Takaathur,at.takaːθur,extended
Qurʾān & Qurʾān-Wissenschaften,at-Takāṯur,at-Takathur,at-Takaathur,at.takaːθur,extended
Qurʾān & Qurʾān-Wissenschaften,at-Takāṯur,at-takāṯur,at-Takaathur,at.takaːθur,extended
Qurʾān & Qurʾān-Wissenschaften,at-Takāṯur,at-takathur,at-Takaathur,at.takaːθur,extended
Qurʾān & Qurʾān-Wissenschaften,al-ʿAṣr,al-ʿAṣr,al-Asr,al.ʕasˤr,extended
Qurʾān & Qurʾān-Wissenschaften,al-ʿAṣr,al-'Asr,al-Asr,al.ʕasˤr,extended
Qurʾān & Qurʾān-Wissenschaften,al-ʿAṣr,al-Asr,al-Asr,al.ʕasˤr,extended
Qurʾān & Qurʾān-Wissenschaften,al-ʿAṣr,al-ʿaṣr,al-Asr,al.ʕasˤr,extended
Qurʾān & Qurʾān-Wissenschaften,al-ʿAṣr,al-'asr,al-Asr,al.ʕasˤr,extended
Qurʾān & Qurʾān-Wissenschaften,al-ʿAṣr,al-asr,al-Asr,al.ʕasˤr,extended
Qurʾān & Qurʾān-Wissenschaften,al-Humazah,al-Humazah,al-Humazah,al.humazah,extended
Qurʾān & Qurʾān-Wissenschaften,al-Humazah,al-humazah,al-Humazah,al.humazah,extended
Qurʾān & Qurʾān-Wissenschaften,al-Fīl,al-Fīl,al-Fiil,al.fiːl,extended
Qurʾān & Qurʾān-Wissenschaften,al-Fīl,al-Fil,al-Fiil,al.fiːl,extended
Qurʾān & Qurʾān-Wissenschaften,al-Fīl,al-fīl,al-Fiil,al.fiːl,extended
Qurʾān & Qurʾān-Wissenschaften,al-Fīl,al-fil,al-Fiil,al.fiːl,extended
Qurʾān & Qurʾān-Wissenschaften,Qurayš,Qurayš,Quraysch,qurajʃ,extended
Qurʾān & Qurʾān-Wissenschaften,Qurayš,Quraysh,Quraysch,qurajʃ,extended
Qurʾān & Qurʾān-Wissenschaften,Qurayš,qurayš,Quraysch,qurajʃ,extended
Qurʾān & Qurʾān-Wissenschaften,Qurayš,quraysh,Quraysch,qurajʃ,extended
Qurʾān & Qurʾān-Wissenschaften,al-Māʿūn,al-Māʿūn,al-Maa-uun,al.maːʕuːn,extended
Qurʾān & Qurʾān-Wissenschaften,al-Māʿūn,al-Ma'un,al-Maa-uun,al.maːʕuːn,extended
Qurʾān & Qurʾān-Wissenschaften,al-Māʿūn,al-Maun,al-Maa-uun,al.maːʕuːn,extended
Qurʾān & Qurʾān-Wissenschaften,al-Māʿūn,al-māʿūn,al-Maa-uun,al.maːʕuːn,extended
Qurʾān & Qurʾān-Wissenschaften,al-Māʿūn,al-ma'un,al-Maa-uun,al.maːʕuːn,extended
Qurʾān & Qurʾān-Wissenschaften,al-Māʿūn,al-maun,al-Maa-uun,al.maːʕuːn,extended
Qurʾān & Qurʾān-Wissenschaften,al-Kawṯar,al-Kawṯar,al-Kawthar,al.kawθar,extended
Qurʾān & Qurʾān-Wissenschaften,al-Kawṯar,al-Kawthar,al-Kawthar,al.kawθar,extended
Qurʾān & Qurʾān-Wissenschaften,al-Kawṯar,al-kawṯar,al-Kawthar,al.kawθar,extended
Qurʾān & Qurʾān-Wissenschaften,al-Kawṯar,al-kawthar,al-Kawthar,al.kawθar,extended
Qurʾān & Qurʾān-Wissenschaften,al-Kāfirūn,al-Kāfirūn,al-Kaafiruun,al.kaːfiruːn,extended
Qurʾān & Qurʾān-Wissenschaften,al-Kāfirūn,al-Kafirun,al-Kaafiruun,al.kaːfiruːn,extended
Qurʾān & Qurʾān-Wissenschaften,al-Kāfirūn,al-kāfirūn,al-Kaafiruun,al.kaːfiruːn,extended
Qurʾān & Qurʾān-Wissenschaften,al-Kāfirūn,al-kafirun,al-Kaafiruun,al.kaːfiruːn,extended
Qurʾān & Qurʾān-Wissenschaften,an-Naṣr,an-Naṣr,an-Nasr,an.nasˤr,extended
Qurʾān & Qurʾān-Wissenschaften,an-Naṣr,an-Nasr,an-Nasr,an.nasˤr,extended
Qurʾān & Qurʾān-Wissenschaften,an-Naṣr,an-naṣr,an-Nasr,an.nasˤr,extended
Qurʾān & Qurʾān-Wissenschaften,an-Naṣr,an-nasr,an-Nasr,an.nasˤr,extended
Qurʾān & Qurʾān-Wissenschaften,al-Masad,al-Masad,al-Masad,al.masad,extended
Qurʾān & Qurʾān-Wissenschaften,al-Masad,al-masad,al-Masad,al.masad,extended
Qurʾān & Qurʾān-Wissenschaften,al-Iḫlāṣ,al-Iḫlāṣ,al-Ichlaas,al.ixlaːsˤ,extended
Qurʾān & Qurʾān-Wissenschaften,al-Iḫlāṣ,al-Ikhlas,al-Ichlaas,al.ixlaːsˤ,extended
Qurʾān & Qurʾān-Wissenschaften,al-Iḫlāṣ,al-iḫlāṣ,al-Ichlaas,al.ixlaːsˤ,extended
Qurʾān & Qurʾān-Wissenschaften,al-Iḫlāṣ,al-ikhlas,al-Ichlaas,al.ixlaːsˤ,extended
Qurʾān & Qurʾān-Wissenschaften,al-Falaq,al-Falaq,al-Falaq,al.falaq,extended
Qurʾān & Qurʾān-Wissenschaften,al-Falaq,al-falaq,al-Falaq,al.falaq,extended
Qurʾān & Qurʾān-Wissenschaften,an-Nās,an-Nās,an-Naas,an.naːs,extended
Qurʾān & Qurʾān-Wissenschaften,an-Nās,an-Nas,an-Naas,an.naːs,extended
Qurʾān & Qurʾān-Wissenschaften,an-Nās,an-nās,an-Naas,an.naːs,extended
Qurʾān & Qurʾān-Wissenschaften,an-Nās,an-nas,an-Naas,an.naːs,extended
Ḥadīṯ-Wissenschaften,Ḥadīṯ,Ḥadīṯ,Hadiith,ħadiːθ,extended
Ḥadīṯ-Wissenschaften,Ḥadīṯ,Hadith,Hadiith,ħadiːθ,extended
Ḥadīṯ-Wissenschaften,Ḥadīṯ,ḥadīṯ,Hadiith,ħadiːθ,extended
Ḥadīṯ-Wissenschaften,Ḥadīṯ,hadith,Hadiith,ħadiːθ,extended
Ḥadīṯ-Wissenschaften,Aḥādīṯ,Aḥādīṯ,Ahaadiith,aħaːdiːθ,extended
Ḥadīṯ-Wissenschaften,Aḥādīṯ,Ahadith,Ahaadiith,aħaːdiːθ,extended
Ḥadīṯ-Wissenschaften,Aḥādīṯ,aḥādīṯ,Ahaadiith,aħaːdiːθ,extended
Ḥadīṯ-Wissenschaften,Aḥādīṯ,ahadith,Ahaadiith,aħaːdiːθ,extended
Ḥadīṯ-Wissenschaften,Athar,Athar,Athar,aθar,extended
Ḥadīṯ-Wissenschaften,Athar,athar,Athar,aθar,extended
Ḥadīṯ-Wissenschaften,Āṯār,Āṯār,Aathaar,aːθaːr,extended
Ḥadīṯ-Wissenschaften,Āṯār,āṯār,Aathaar,aːθaːr,extended
Ḥadīṯ-Wissenschaften,Isnād,Isnād,Isnaad,isnaːd,extended
Ḥadīṯ-Wissenschaften,Isnād,Isnad,Isnaad,isnaːd,extended
Ḥadīṯ-Wissenschaften,Isnād,isnād,Isnaad,isnaːd,extended
Ḥadīṯ-Wissenschaften,Isnād,isnad,Isnaad,isnaːd,extended
Ḥadīṯ-Wissenschaften,Sanad,Sanad,Sanad,sanad,extended
Ḥadīṯ-Wissenschaften,Sanad,sanad,Sanad,sanad,extended
Ḥadīṯ-Wissenschaften,Matn,Matn,Matn,matn,extended
Ḥadīṯ-Wissenschaften,Matn,matn,Matn,matn,extended
Ḥadīṯ-Wissenschaften,Rāwī,Rāwī,Raawii,raːwiː,extended
Ḥadīṯ-Wissenschaften,Rāwī,Rawi,Raawii,raːwiː,extended
Ḥadīṯ-Wissenschaften,Rāwī,rāwī,Raawii,raːwiː,extended
Ḥadīṯ-Wissenschaften,Rāwī,rawi,Raawii,raːwiː,extended
Ḥadīṯ-Wissenschaften,Ruwāt,Ruwāt,Ruwaat,ruwaːt,extended
Ḥadīṯ-Wissenschaften,Ruwāt,Ruwat,Ruwaat,ruwaːt,extended
Ḥadīṯ-Wissenschaften,Ruwāt,ruwāt,Ruwaat,ruwaːt,extended
Ḥadīṯ-Wissenschaften,Ruwāt,ruwat,Ruwaat,ruwaːt,extended
Ḥadīṯ-Wissenschaften,Dirāyah,Dirāyah,Diraayah,diraːjah,extended
Ḥadīṯ-Wissenschaften,Dirāyah,Dirayah,Diraayah,diraːjah,extended
Ḥadīṯ-Wissenschaften,Dirāyah,dirāyah,Diraayah,diraːjah,extended
Ḥadīṯ-Wissenschaften,Dirāyah,dirayah,Diraayah,diraːjah,extended
Ḥadīṯ-Wissenschaften,Muḥaddiṯ,Muḥaddiṯ,Muhaddith,muħaddiθ,extended
Ḥadīṯ-Wissenschaften,Muḥaddiṯ,Muhaddith,Muhaddith,muħaddiθ,extended
Ḥadīṯ-Wissenschaften,Muḥaddiṯ,muḥaddiṯ,Muhaddith,muħaddiθ,extended
Ḥadīṯ-Wissenschaften,Muḥaddiṯ,muhaddith,Muhaddith,muħaddiθ,extended
Ḥadīṯ-Wissenschaften,Muḥaddiṯūn,Muḥaddiṯūn,Muhaddithuun,muħaddiθuːn,extended
Ḥadīṯ-Wissenschaften,Muḥaddiṯūn,Muhaddithun,Muhaddithuun,muħaddiθuːn,extended
Ḥadīṯ-Wissenschaften,Muḥaddiṯūn,muḥaddiṯūn,Muhaddithuun,muħaddiθuːn,extended
Ḥadīṯ-Wissenschaften,Muḥaddiṯūn,muhaddithun,Muhaddithuun,muħaddiθuːn,extended
Ḥadīṯ-Wissenschaften,Sahīh,Sahīh,Sahiih,sahiːh,extended
Ḥadīṯ-Wissenschaften,Sahīh,Sahih,Sahiih,sahiːh,extended
Ḥadīṯ-Wissenschaften,Sahīh,sahīh,Sahiih,sahiːh,extended
Ḥadīṯ-Wissenschaften,Sahīh,sahih,Sahiih,sahiːh,extended
Ḥadīṯ-Wissenschaften,Ṣaḥīḥ,Ṣaḥīḥ,Sahiih,sˤaħiːħ,extended
Ḥadīṯ-Wissenschaften,Ṣaḥīḥ,ṣaḥīḥ,Sahiih,sˤaħiːħ,extended
Ḥadīṯ-Wissenschaften,Ḥasan,Ḥasan,Hasan,ħasan,extended
Ḥadīṯ-Wissenschaften,Ḥasan,Hasan,Hasan,ħasan,extended
Ḥadīṯ-Wissenschaften,Ḥasan,ḥasan,Hasan,ħasan,extended
Ḥadīṯ-Wissenschaften,Ḥasan,hasan,Hasan,ħasan,extended
Ḥadīṯ-Wissenschaften,Ḍaʿīf,Ḍaʿīf,Da-iif,dˤaʕiːf,extended
Ḥadīṯ-Wissenschaften,Ḍaʿīf,Da'if,Da-iif,dˤaʕiːf,extended
Ḥadīṯ-Wissenschaften,Ḍaʿīf,Daif,Da-iif,dˤaʕiːf,extended
Ḥadīṯ-Wissenschaften,Ḍaʿīf,ḍaʿīf,Da-iif,dˤaʕiːf,extended
Ḥadīṯ-Wissenschaften,Ḍaʿīf,da'if,Da-iif,dˤaʕiːf,extended
Ḥadīṯ-Wissenschaften,Ḍaʿīf,daif,Da-iif,dˤaʕiːf,extended
Ḥadīṯ-Wissenschaften,Mawḍūʿ,Mawḍūʿ,Mawduu-,mawdˤuːʕ,extended
Ḥadīṯ-Wissenschaften,Mawḍūʿ,Mawdu',Mawduu-,mawdˤuːʕ,extended
Ḥadīṯ-Wissenschaften,Mawḍūʿ,Mawdu,Mawduu-,mawdˤuːʕ,extended
Ḥadīṯ-Wissenschaften,Mawḍūʿ,mawḍūʿ,Mawduu-,mawdˤuːʕ,extended
Ḥadīṯ-Wissenschaften,Mawḍūʿ,mawdu',Mawduu-,mawdˤuːʕ,extended
Ḥadīṯ-Wissenschaften,Mawḍūʿ,mawdu,Mawduu-,mawdˤuːʕ,extended
Ḥadīṯ-Wissenschaften,Mursal,Mursal,Mursal,mursal,extended
Ḥadīṯ-Wissenschaften,Mursal,mursal,Mursal,mursal,extended
Ḥadīṯ-Wissenschaften,Munqaṭiʿ,Munqaṭiʿ,Munqati-,munqatˤiʕ,extended
Ḥadīṯ-Wissenschaften,Munqaṭiʿ,Munqati',Munqati-,munqatˤiʕ,extended
Ḥadīṯ-Wissenschaften,Munqaṭiʿ,Munqati,Munqati-,munqatˤiʕ,extended
Ḥadīṯ-Wissenschaften,Munqaṭiʿ,munqaṭiʿ,Munqati-,munqatˤiʕ,extended
Ḥadīṯ-Wissenschaften,Munqaṭiʿ,munqati',Munqati-,munqatˤiʕ,extended
Ḥadīṯ-Wissenschaften,Munqaṭiʿ,munqati,Munqati-,munqatˤiʕ,extended
Ḥadīṯ-Wissenschaften,Muʿḍal,Muʿḍal,Mu-dal,muʕdˤal,extended
Ḥadīṯ-Wissenschaften,Muʿḍal,Mu'dal,Mu-dal,muʕdˤal,extended
Ḥadīṯ-Wissenschaften,Muʿḍal,Mudal,Mu-dal,muʕdˤal,extended
Ḥadīṯ-Wissenschaften,Muʿḍal,muʿḍal,Mu-dal,muʕdˤal,extended
Ḥadīṯ-Wissenschaften,Muʿḍal,mu'dal,Mu-dal,muʕdˤal,extended
Ḥadīṯ-Wissenschaften,Muʿḍal,mudal,Mu-dal,muʕdˤal,extended
Ḥadīṯ-Wissenschaften,Muʿallaq,Muʿallaq,Mu-allaq,muʕallaq,extended
Ḥadīṯ-Wissenschaften,Muʿallaq,Mu'allaq,Mu-allaq,muʕallaq,extended
